code,provinceCode,name,population
01001,01,Alegría-Dulantzi,2955
01002,01,Amurrio,10364
01003,01,Aramaio,1354
01004,01,Artziniega,1868
01006,01,Armiñón,236
01008,01,Arratzua-Ubarrundia,1056
01009,01,Asparrena,1609
01010,01,Ayala/Aiara,2921
01011,01,Baños de Ebro/Mañueta,286
01013,01,Barrundia,882
01014,01,Berantevilla,461
01016,01,Bernedo,541
01017,01,Campezo/Kanpezu,1073
01018,01,Zigoitia,1845
01019,01,Kripan,174
01020,01,Kuartango,402
01021,01,Elburgo/Burgelu,642
01022,01,Elciego,971
01023,01,Elvillar/Bilar,315
01027,01,Iruraiz-Gauna,559
01028,01,Labastida/Bastida,1558
01030,01,Lagrán,177
01031,01,Laguardia,1459
01032,01,Lanciego/Lantziego,700
01033,01,Lapuebla de Labarca,895
01034,01,Leza,205
01036,01,Laudio/Llodio,18077
01037,01,Arraia-Maeztu,812
01039,01,Moreda de Álava/Moreda Araba,218
01041,01,Navaridas,192
01042,01,Okondo,1184
01043,01,Oyón-Oion,3476
01044,01,Peñacerrada-Urizaharra,332
01046,01,Erriberagoitia/Ribera Alta,839
01047,01,Ribera Baja/Erriberabeitia,1477
01049,01,Añana,141
01051,01,Agurain/Salvatierra,5189
01052,01,Samaniego,292
01053,01,San Millán/Donemiliaga,701
01054,01,Urkabustaiz,1470
01055,01,Valdegovía/Gaubea,1064
01056,01,Harana/Valle de Arana,212
01057,01,Villabuena de Álava/Eskuernaga,276
01058,01,Legutio,2094
01059,01,Vitoria-Gasteiz,260699
01060,01,Yécora/Iekora,278
01061,01,Zalduondo,195
01062,01,Zambrana,452
01063,01,Zuia,2350
01901,01,Iruña Oka/Iruña de Oca,3704
01902,01,Lantarón,929
02001,02,Abengibre,753
02002,02,Alatoz,504
02003,02,Albacete,175400
02004,02,Albatana,644
02005,02,Alborea,672
02006,02,Alcadozo,635
02007,02,Alcalá del Júcar,1130
02008,02,Alcaraz,1283
02009,02,Almansa,24615
02010,02,Alpera,2278
02011,02,Ayna,577
02012,02,Balazote,2356
02013,02,Balsa de Ves,121
02014,02,"Ballestero, El",411
02015,02,Barrax,1838
02016,02,Bienservida,548
02017,02,Bogarra,727
02018,02,Bonete,950
02019,02,"Bonillo, El",2645
02020,02,Carcelén,483
02021,02,Casas de Juan Núñez,1409
02022,02,Casas de Lázaro,298
02023,02,Casas de Ves,519
02024,02,Casas-Ibáñez,4616
02025,02,Caudete,10439
02026,02,Cenizate,1163
02027,02,Corral-Rubio,303
02028,02,Cotillas,123
02029,02,Chinchilla de Monte-Aragón,4614
02030,02,Elche de la Sierra,3603
02031,02,Férez,604
02032,02,Fuensanta,282
02033,02,Fuente-Álamo,2422
02034,02,Fuentealbilla,1804
02035,02,"Gineta, La",2656
02036,02,Golosalvo,79
02037,02,Hellín,30836
02038,02,"Herrera, La",308
02039,02,Higueruela,1133
02040,02,Hoya-Gonzalo,582
02041,02,Jorquera,356
02042,02,Letur,911
02043,02,Lezuza,1281
02044,02,Liétor,1052
02045,02,Madrigueras,4670
02046,02,Mahora,1465
02047,02,Masegoso,117
02048,02,Minaya,1381
02049,02,Molinicos,754
02050,02,Montalvos,74
02051,02,Montealegre del Castillo,2051
02052,02,Motilleja,673
02053,02,Munera,3351
02054,02,Navas de Jorquera,521
02055,02,Nerpio,1136
02056,02,Ontur,1895
02057,02,Ossa de Montiel,2233
02058,02,Paterna del Madera,328
02059,02,Peñascosa,329
02060,02,Peñas de San Pedro,1488
02061,02,Pétrola,660
02062,02,Povedilla,374
02063,02,Pozohondo,1544
02064,02,Pozo-Lorente,398
02065,02,Pozuelo,455
02066,02,"Recueja, La",215
02067,02,Riópar,1344
02068,02,Robledo,382
02069,02,"Roda, La",15643
02070,02,Salobre,442
02071,02,San Pedro,1155
02072,02,Socovos,1643
02073,02,Tarazona de la Mancha,6100
02074,02,Tobarra,8006
02075,02,Valdeganga,1970
02076,02,Vianos,317
02077,02,Villa de Ves,51
02078,02,Villalgordo del Júcar,1159
02079,02,Villamalea,4083
02080,02,Villapalacios,539
02081,02,Villarrobledo,25400
02082,02,Villatoya,114
02083,02,Villavaliente,190
02084,02,Villaverde de Guadalimar,325
02085,02,Viveros,293
02086,02,Yeste,2471
02901,02,Pozo Cañada,2704
03001,03,"Atzúbia, l'",589
03002,03,Agost,5225
03003,03,Agres,623
03004,03,Aigües,1199
03005,03,Albatera,13566
03006,03,Alcalalí,1428
03007,03,Alcosser,263
03008,03,Alcoleja,184
03009,03,Alcoi/Alcoy,61468
03010,03,Alfafara,419
03011,03,"Alfàs del Pi, l'",21080
03012,03,Algorfa,3788
03013,03,Algueña,1328
03014,03,Alacant/Alicante,366221
03015,03,Almoradí,22965
03016,03,Almudaina,128
03017,03,"Alqueria d'Asnar, l'",519
03018,03,Altea,24592
03019,03,Aspe,22397
03020,03,Balones,132
03021,03,Banyeres de Mariola,7347
03022,03,Benasau,174
03023,03,Beneixama,1696
03024,03,Benejúzar,5811
03025,03,Benferri,2099
03026,03,Beniarbeig,2499
03027,03,Beniardà,226
03028,03,Beniarrés,1117
03029,03,Benigembla,590
03030,03,Benidoleig,1245
03031,03,Benidorm,77327
03032,03,Benifallim,130
03033,03,Benifato,162
03034,03,Benijófar,3679
03035,03,Benilloba,744
03036,03,Benillup,110
03037,03,Benimantell,548
03038,03,Benimarfull,465
03039,03,Benimassot,85
03040,03,Benimeli,474
03041,03,Benissa,12471
03042,03,"Poble Nou de Benitatxell, el/Benitachell",4911
03043,03,Biar,3677
03044,03,Bigastro,7537
03045,03,Bolulla,490
03046,03,Busot,3782
03047,03,Calp,27616
03048,03,Callosa d'en Sarrià,8182
03049,03,Callosa de Segura,19988
03050,03,"Campello, el",31419
03051,03,"Camp de Mirra, el/Campo de Mirra",447
03052,03,Cañada,1213
03053,03,Castalla,11908
03054,03,Castell de Castells,443
03055,03,Catral,9600
03056,03,Cocentaina,11498
03057,03,Confrides,293
03058,03,Cox,7722
03059,03,Crevillent,30921
03060,03,Quatretondeta,130
03061,03,Daya Nueva,1885
03062,03,Daya Vieja,698
03063,03,Dénia,47261
03064,03,Dolores,8326
03065,03,Elx/Elche,245557
03066,03,Elda,55222
03067,03,Fageca,100
03068,03,Famorca,44
03069,03,Finestrat,9919
03070,03,Formentera del Segura,4868
03071,03,Gata de Gorgos,6773
03072,03,Gaianes,577
03073,03,Gorga,286
03074,03,Granja de Rocamora,2728
03075,03,"Castell de Guadalest, el",284
03076,03,Guardamar del Segura,18564
03077,03,"Fondó de les Neus, el/Hondón de las Nieves",2738
03078,03,Hondón de los Frailes,1334
03079,03,Ibi,24500
03080,03,Jacarilla,2176
03081,03,Xaló,3104
03082,03,Xàbia/Jávea,30642
03083,03,Xixona/Jijona,7669
03084,03,"Orxa, l'/Lorcha",589
03085,03,Llíber,882
03086,03,Millena,265
03088,03,Monforte del Cid,9283
03089,03,Monòver/Monóvar,13116
03090,03,Mutxamel,28621
03091,03,Murla,574
03092,03,Muro de Alcoy,9372
03093,03,Novelda,26606
03094,03,"Nucia, la",19121
03095,03,Ondara,7717
03096,03,Onil,8114
03097,03,Orba,2399
03098,03,Orxeta,906
03099,03,Orihuela,84560
03100,03,Parcent,1037
03101,03,Pedreguer,8849
03102,03,Pego,10791
03103,03,Penàguila,305
03104,03,Petrer,34022
03105,03,"Pinós, el/Pinoso",8523
03106,03,Planes,697
03107,03,Polop,5828
03109,03,Rafal,4849
03110,03,"Ràfol d'Almúnia, el",734
03111,03,Redován,8283
03112,03,Relleu,1375
03113,03,Rojales,17652
03114,03,"Romana, la",2729
03115,03,Sagra,441
03116,03,Salinas,1828
03117,03,Sanet y Negrals,712
03118,03,San Fulgencio,9769
03119,03,Sant Joan d'Alacant,26834
03120,03,San Miguel de Salinas,7177
03121,03,Santa Pola,39709
03122,03,Sant Vicent del Raspeig/San Vicente del Raspeig,60247
03123,03,Sax,10346
03124,03,Sella,621
03125,03,Senija,698
03127,03,Tàrbena,662
03128,03,Teulada,12912
03129,03,Tibi,1757
03130,03,Tollos,32
03131,03,Tormos,323
03132,03,"Torre de les Maçanes, la/Torremanzanas",749
03133,03,Torrevieja,98533
03134,03,"Vall d'Alcalà, la",159
03135,03,"Vall d'Ebo, la",231
03136,03,"Vall de Gallinera, la",583
03137,03,"Vall de Laguar, la",905
03138,03,"Verger, el",5508
03139,03,"Vila Joiosa, la/Villajoyosa",37449
03140,03,Villena,34712
03901,03,"Poblets, els",2757
03902,03,Pilar de la Horadada,24316
03903,03,"Montesinos, Los",5786
03904,03,San Isidro,2337
04001,04,Abla,1268
04002,04,Abrucena,1241
04003,04,Adra,25501
04004,04,Albanchez,688
04005,04,Alboloduy,579
04006,04,Albox,12799
04007,04,Alcolea,829
04008,04,Alcóntar,545
04009,04,Alcudia de Monteagud,115
04010,04,Alhabia,743
04011,04,Alhama de Almería,3975
04012,04,Alicún,206
04013,04,Almería,205468
04014,04,Almócita,208
04015,04,Alsodux,126
04016,04,Antas,3472
04017,04,Arboleas,4215
04018,04,Armuña de Almanzora,371
04019,04,Bacares,226
04020,04,Bayárcal,294
04021,04,Bayarque,215
04022,04,Bédar,953
04023,04,Beires,140
04024,04,Benahadux,4901
04026,04,Benitagla,63
04027,04,Benizalón,242
04028,04,Bentarique,223
04029,04,Berja,13120
04030,04,Canjáyar,1139
04031,04,Cantoria,3592
04032,04,Carboneras,8458
04033,04,Castro de Filabres,101
04034,04,Cóbdar,169
04035,04,Cuevas del Almanzora,15526
04036,04,Chercos,301
04037,04,Chirivel,1619
04038,04,Dalías,4196
04041,04,Enix,612
04043,04,Felix,771
04044,04,Fines,2404
04045,04,Fiñana,1956
04046,04,Fondón,1152
04047,04,Gádor,3130
04048,04,"Gallardos, Los",3110
04049,04,Garrucha,10845
04050,04,Gérgal,1211
04051,04,Huécija,526
04052,04,Huércal de Almería,18660
04053,04,Huércal-Overa,20860
04054,04,Íllar,492
04055,04,Instinción,507
04056,04,Laroya,197
04057,04,Laujar de Andarax,1674
04058,04,Líjar,378
04059,04,Lubrín,1434
04060,04,Lucainena de las Torres,722
04061,04,Lúcar,829
04062,04,Macael,5436
04063,04,María,1202
04064,04,Mojácar,7680
04065,04,Nacimiento,485
04066,04,Níjar,33319
04067,04,Ohanes,553
04068,04,Olula de Castro,175
04069,04,Olula del Río,6506
04070,04,Oria,2219
04071,04,Padules,438
04072,04,Partaloa,836
04073,04,Paterna del Río,399
04074,04,Pechina,4552
04075,04,Pulpí,12214
04076,04,Purchena,1563
04077,04,Rágol,297
04078,04,Rioja,1609
04079,04,Roquetas de Mar,111240
04080,04,Santa Cruz de Marchena,236
04081,04,Santa Fe de Mondújar,503
04082,04,Senés,279
04083,04,Serón,2151
04084,04,Sierro,364
04085,04,Somontín,497
04086,04,Sorbas,2564
04087,04,Suflí,224
04088,04,Tabernas,3991
04089,04,Taberno,955
04090,04,Tahal,355
04091,04,Terque,393
04092,04,Tíjola,3573
04093,04,Turre,4361
04094,04,Turrillas,256
04095,04,Uleila del Campo,815
04096,04,Urrácal,340
04097,04,Velefique,230
04098,04,Vélez-Blanco,1928
04099,04,Vélez-Rubio,6685
04100,04,Vera,20282
04101,04,Viator,6339
04102,04,Vícar,29342
04103,04,Zurgena,3059
04901,04,"Tres Villas, Las",547
04902,04,"Ejido, El",91440
04903,04,"Mojonera, La",8793
04904,04,Balanegra,3055
05001,05,Adanero,207
05002,05,"Adrada, La",2853
05005,05,Albornos,170
05007,05,Aldeanueva de Santa Cruz,100
05008,05,Aldeaseca,211
05010,05,"Aldehuela, La",141
05012,05,Amavida,131
05013,05,"Arenal, El",961
05014,05,Arenas de San Pedro,6460
05015,05,Arevalillo,58
05016,05,Arévalo,7851
05017,05,Aveinte,67
05018,05,Avellaneda,23
05019,05,Ávila,59107
05021,05,"Barco de Ávila, El",2308
05022,05,"Barraco, El",2086
05023,05,Barromán,174
05024,05,Becedas,146
05025,05,Becedillas,70
05026,05,Bercial de Zapardiel,166
05027,05,"Berlanas, Las",323
05029,05,Bernuy-Zapardiel,79
05030,05,Berrocalejo de Aragona,55
05033,05,Blascomillán,169
05034,05,Blasconuño de Matacabras,14
05035,05,Blascosancho,85
05036,05,"Bohodón, El",104
05037,05,Bohoyo,205
05038,05,Bonilla de la Sierra,139
05039,05,Brabos,34
05040,05,Bularros,55
05041,05,Burgohondo,1269
05042,05,Cabezas de Alambre,152
05043,05,Cabezas del Pozo,80
05044,05,Cabezas del Villar,217
05045,05,Cabizuela,89
05046,05,Canales,42
05047,05,Candeleda,5003
05048,05,Cantiveros,102
05049,05,Cardeñosa,430
05051,05,"Carrera, La",155
05052,05,Casas del Puerto,80
05053,05,Casasola,67
05054,05,Casavieja,1362
05055,05,Casillas,673
05056,05,Castellanos de Zapardiel,106
05057,05,Cebreros,3345
05058,05,Cepeda la Mora,63
05059,05,Cillán,84
05060,05,Cisla,107
05061,05,"Colilla, La",375
05062,05,Collado de Contreras,147
05063,05,Collado del Mirón,18
05064,05,Constanzana,104
05065,05,Crespos,463
05066,05,Cuevas del Valle,506
05067,05,Chamartín,61
05069,05,Donjimeno,69
05070,05,Donvidas,31
05072,05,Espinosa de los Caballeros,104
05073,05,Flores de Ávila,262
05074,05,Fontiveros,715
05075,05,Fresnedilla,92
05076,05,"Fresno, El",579
05077,05,Fuente el Saúz,146
05078,05,Fuentes de Año,90
05079,05,Gallegos de Altamiros,61
05080,05,Gallegos de Sobrinos,42
05081,05,Garganta del Villar,37
05082,05,Gavilanes,523
05083,05,Gemuño,147
05084,05,Gilbuena,45
05085,05,Gil García,45
05086,05,Gimialcón,73
05087,05,Gotarrendura,173
05088,05,Grandes y San Martín,34
05089,05,Guisando,458
05090,05,Gutierre-Muñoz,63
05092,05,Hernansancho,140
05093,05,Herradón de Pinares,526
05094,05,Herreros de Suso,141
05095,05,Higuera de las Dueñas,250
05096,05,"Hija de Dios, La",79
05097,05,"Horcajada, La",434
05099,05,Horcajo de las Torres,425
05100,05,"Hornillo, El",263
05101,05,Hoyocasero,294
05102,05,"Hoyo de Pinares, El",2179
05103,05,Hoyorredondo,57
05104,05,Hoyos del Collado,28
05105,05,Hoyos del Espino,350
05106,05,Hoyos de Miguel Muñoz,24
05107,05,Hurtumpascual,41
05108,05,Junciana,40
05109,05,Langa,441
05110,05,Lanzahíta,771
05112,05,"Losar del Barco, El",99
05113,05,"Llanos de Tormes, Los",57
05114,05,Madrigal de las Altas Torres,1281
05115,05,Maello,713
05116,05,Malpartida de Corneja,89
05117,05,Mamblas,191
05118,05,Mancera de Arriba,66
05119,05,Manjabálago y Ortigosa de Rioalmar,22
05120,05,Marlín,29
05121,05,Martiherrero,372
05122,05,Martínez,109
05123,05,Mediana de Voltoya,117
05124,05,Medinilla,79
05125,05,Mengamuñoz,60
05126,05,Mesegar de Corneja,62
05127,05,Mijares,718
05128,05,Mingorría,422
05129,05,"Mirón, El",93
05130,05,Mironcillo,110
05131,05,Mirueña de los Infanzones,86
05132,05,Mombeltrán,922
05133,05,Monsalupe,64
05134,05,Moraleja de Matacabras,55
05135,05,Muñana,499
05136,05,Muñico,77
05138,05,Muñogalindo,299
05139,05,Muñogrande,76
05140,05,Muñomer del Peco,113
05141,05,Muñopepe,95
05142,05,Muñosancho,87
05143,05,Muñotello,50
05144,05,Narrillos del Álamo,56
05145,05,Narrillos del Rebollar,34
05147,05,Narros del Castillo,151
05148,05,Narros del Puerto,26
05149,05,Narros de Saldueña,102
05151,05,Navacepedilla de Corneja,99
05152,05,Nava de Arévalo,647
05153,05,Nava del Barco,81
05154,05,Navadijos,29
05155,05,Navaescurial,54
05156,05,Navahondilla,359
05157,05,Navalacruz,192
05158,05,Navalmoral,445
05159,05,Navalonguilla,182
05160,05,Navalosa,314
05161,05,Navalperal de Pinares,840
05162,05,Navalperal de Tormes,73
05163,05,Navaluenga,2135
05164,05,Navaquesera,38
05165,05,Navarredonda de Gredos,451
05166,05,Navarredondilla,146
05167,05,Navarrevisca,281
05168,05,"Navas del Marqués, Las",5670
05169,05,Navatalgordo,230
05170,05,Navatejares,48
05171,05,Neila de San Miguel,66
05172,05,Niharra,167
05173,05,Ojos-Albos,89
05174,05,Orbita,70
05175,05,"Oso, El",125
05176,05,Padiernos,277
05177,05,Pajares de Adaja,123
05178,05,Palacios de Goda,396
05179,05,Papatrigo,215
05180,05,"Parral, El",64
05181,05,Pascualcobo,38
05182,05,Pedro Bernardo,743
05183,05,Pedro-Rodríguez,131
05184,05,Peguerinos,283
05185,05,Peñalba de Ávila,104
05186,05,Piedrahíta,1637
05187,05,Piedralaves,2183
05188,05,Poveda,30
05189,05,Poyales del Hoyo,498
05190,05,Pozanco,57
05191,05,Pradosegar,109
05192,05,Puerto Castilla,99
05193,05,Rasueros,150
05194,05,Riocabado,129
05195,05,Riofrío,188
05196,05,Rivilla de Barajas,59
05197,05,Salobral,109
05198,05,Salvadiós,67
05199,05,San Bartolomé de Béjar,44
05200,05,San Bartolomé de Corneja,32
05201,05,San Bartolomé de Pinares,479
05204,05,Sanchidrián,720
05205,05,Sanchorreja,77
05206,05,San Esteban de los Patos,19
05207,05,San Esteban del Valle,735
05208,05,San Esteban de Zapardiel,40
05209,05,San García de Ingelmos,64
05210,05,San Juan de la Encinilla,70
05211,05,San Juan de la Nava,422
05212,05,San Juan del Molinillo,238
05213,05,San Juan del Olmo,73
05214,05,San Lorenzo de Tormes,32
05215,05,San Martín de la Vega del Alberche,163
05216,05,San Martín del Pimpollar,221
05217,05,San Miguel de Corneja,65
05218,05,San Miguel de Serrezuela,103
05219,05,San Pascual,44
05220,05,San Pedro del Arroyo,516
05221,05,Santa Cruz del Valle,295
05222,05,Santa Cruz de Pinares,169
05224,05,Santa María del Arroyo,103
05225,05,Santa María del Berrocal,372
05226,05,Santa María de los Caballeros,53
05227,05,Santa María del Tiétar,582
05228,05,Santiago del Collado,161
05229,05,Santo Domingo de las Posadas,71
05230,05,Santo Tomé de Zabarcos,70
05231,05,San Vicente de Arévalo,171
05232,05,"Serrada, La",132
05233,05,Serranillos,247
05234,05,Sigeres,41
05235,05,Sinlabajos,134
05236,05,Solana de Ávila,95
05237,05,Solana de Rioalmar,141
05238,05,Solosancho,750
05239,05,Sotalbo,234
05240,05,Sotillo de la Adrada,5081
05241,05,"Tiemblo, El",4582
05242,05,Tiñosillos,732
05243,05,Tolbaños,87
05244,05,Tormellas,35
05245,05,Tornadizos de Ávila,458
05246,05,Tórtoles,37
05247,05,"Torre, La",209
05249,05,Umbrías,100
05251,05,Vadillo de la Sierra,50
05252,05,Valdecasa,54
05253,05,Vega de Santa María,88
05254,05,Velayos,203
05256,05,Villaflor,100
05257,05,Villafranca de la Sierra,128
05258,05,Villanueva de Gómez,119
05259,05,Villanueva del Aceral,86
05260,05,Villanueva del Campillo,107
05261,05,Villar de Corneja,31
05262,05,Villarejo del Valle,304
05263,05,Villatoro,150
05264,05,Viñegra de Moraña,49
05265,05,Vita,81
05266,05,Zapardiel de la Cañada,83
05267,05,Zapardiel de la Ribera,90
05901,05,San Juan de Gredos,219
05902,05,Santa María del Cubillo,308
05903,05,Diego del Carpio,107
05904,05,Santiago del Tormes,104
05905,05,Villanueva de Ávila,202
06001,06,Acedera,815
06002,06,Aceuchal,5307
06003,06,Ahillones,793
06004,06,Alange,1802
06005,06,"Albuera, La",1995
06006,06,Alburquerque,4928
06007,06,Alconchel,1592
06008,06,Alconera,748
06009,06,Aljucén,252
06010,06,Almendral,1202
06011,06,Almendralejo,34587
06012,06,Arroyo de San Serván,4001
06013,06,Atalaya,258
06014,06,Azuaga,7587
06015,06,Badajoz,150209
06016,06,Barcarrota,3456
06017,06,Baterno,231
06018,06,Benquerencia de la Serena,771
06019,06,Berlanga,2171
06020,06,Bienvenida,1999
06021,06,Bodonal de la Sierra,982
06022,06,Burguillos del Cerro,2940
06023,06,Cabeza del Buey,4489
06024,06,Cabeza la Vaca,1257
06025,06,Calamonte,6104
06026,06,Calera de León,912
06027,06,Calzadilla de los Barros,679
06028,06,Campanario,4702
06029,06,Campillo de Llerena,1321
06030,06,Capilla,142
06031,06,Carmonita,514
06032,06,"Carrascalejo, El",80
06033,06,Casas de Don Pedro,1375
06034,06,Casas de Reina,200
06035,06,Castilblanco,820
06036,06,Castuera,5457
06037,06,"Codosera, La",1983
06038,06,Cordobilla de Lácara,815
06039,06,"Coronada, La",2136
06040,06,Corte de Peleas,1153
06041,06,Cristina,549
06042,06,Cheles,1175
06043,06,Don Álvaro,841
06044,06,Don Benito,37986
06045,06,Entrín Bajo,548
06046,06,Esparragalejo,1506
06047,06,Esparragosa de la Serena,912
06048,06,Esparragosa de Lares,839
06049,06,Feria,1054
06050,06,Fregenal de la Sierra,4715
06051,06,Fuenlabrada de los Montes,1693
06052,06,Fuente de Cantos,4583
06053,06,Fuente del Arco,648
06054,06,Fuente del Maestre,6499
06055,06,Fuentes de León,2118
06056,06,Garbayuela,450
06057,06,Garlitos,510
06058,06,"Garrovilla, La",2310
06059,06,Granja de Torrehermosa,1913
06060,06,Guareña,6665
06061,06,"Haba, La",1184
06062,06,Helechosa de los Montes,556
06063,06,Herrera del Duque,3385
06064,06,Higuera de la Serena,881
06065,06,Higuera de Llerena,343
06066,06,Higuera de Vargas,1830
06067,06,Higuera la Real,2186
06068,06,Hinojosa del Valle,472
06069,06,Hornachos,3375
06070,06,Jerez de los Caballeros,9095
06071,06,"Lapa, La",298
06072,06,Lobón,2756
06073,06,Llera,781
06074,06,Llerena,5642
06075,06,Magacela,502
06076,06,Maguilla,919
06077,06,Malcocinado,343
06078,06,Malpartida de la Serena,508
06079,06,Manchita,741
06080,06,Medellín,2241
06081,06,Medina de las Torres,1160
06082,06,Mengabril,504
06083,06,Mérida,60225
06084,06,Mirandilla,1232
06085,06,Monesterio,4245
06086,06,Montemolín,1231
06087,06,Monterrubio de la Serena,2157
06088,06,Montijo,15198
06089,06,"Morera, La",698
06090,06,"Nava de Santiago, La",914
06091,06,Navalvillar de Pela,4303
06092,06,Nogales,632
06093,06,Oliva de la Frontera,4907
06094,06,Oliva de Mérida,1660
06095,06,Olivenza,11789
06096,06,Orellana de la Sierra,250
06097,06,Orellana la Vieja,2580
06098,06,Palomas,651
06099,06,"Parra, La",1297
06100,06,Peñalsordo,805
06101,06,Peraleda del Zaucejo,465
06102,06,Puebla de Alcocer,1091
06103,06,Puebla de la Calzada,5815
06104,06,Puebla de la Reina,689
06105,06,Puebla del Maestre,653
06106,06,Puebla del Prior,462
06107,06,Puebla de Obando,1809
06108,06,Puebla de Sancho Pérez,2634
06109,06,Quintana de la Serena,4429
06110,06,Reina,144
06111,06,Rena,605
06112,06,Retamal de Llerena,428
06113,06,Ribera del Fresno,3130
06114,06,Risco,126
06115,06,"Roca de la Sierra, La",1454
06116,06,Salvaleón,1645
06117,06,Salvatierra de los Barros,1546
06118,06,Sancti-Spíritus,141
06119,06,San Pedro de Mérida,859
06120,06,Santa Amalia,3881
06121,06,Santa Marta,4201
06122,06,"Santos de Maimona, Los",8088
06123,06,San Vicente de Alcántara,5227
06124,06,Segura de León,1758
06125,06,Siruela,1766
06126,06,Solana de los Barros,2522
06127,06,Talarrubias,3251
06128,06,Talavera la Real,5288
06129,06,Táliga,650
06130,06,Tamurejo,190
06131,06,Torre de Miguel Sesmero,1234
06132,06,Torremayor,992
06133,06,Torremejía,2238
06134,06,Trasierra,590
06135,06,Trujillanos,1397
06136,06,Usagre,1698
06137,06,Valdecaballeros,1036
06138,06,Valdetorres,1105
06139,06,Valencia de las Torres,486
06140,06,Valencia del Mombuey,703
06141,06,Valencia del Ventoso,1870
06142,06,Valverde de Burguillos,260
06143,06,Valverde de Leganés,4230
06144,06,Valverde de Llerena,560
06145,06,Valverde de Mérida,1002
06146,06,Valle de la Serena,1075
06147,06,Valle de Matamoros,337
06148,06,Valle de Santa Ana,1090
06149,06,Villafranca de los Barros,12284
06150,06,Villagarcía de la Torre,909
06151,06,Villagonzalo,1226
06152,06,Villalba de los Barros,1429
06153,06,Villanueva de la Serena,25773
06154,06,Villanueva del Fresno,3247
06155,06,Villar del Rey,2064
06156,06,Villar de Rena,1326
06157,06,Villarta de los Montes,375
06158,06,Zafra,16735
06159,06,Zahínos,2766
06160,06,Zalamea de la Serena,3371
06161,06,Zarza-Capilla,295
06162,06,"Zarza, La",3339
06901,06,Valdelacalzada,2743
06902,06,Pueblonuevo del Guadiana,1955
06903,06,Guadiana,2444
07001,07,Alaró,6121
07002,07,Alaior,10217
07003,07,Alcúdia,21907
07004,07,Algaida,6357
07005,07,Andratx,12195
07006,07,Artà,8629
07007,07,Banyalbufar,573
07008,07,Binissalem,9350
07009,07,Búger,1215
07010,07,Bunyola,7642
07011,07,Calvià,53793
07012,07,Campanet,2859
07013,07,Campos,12485
07014,07,Capdepera,13135
07015,07,Ciutadella de Menorca,32431
07016,07,Consell,4521
07017,07,Costitx,1591
07018,07,Deià,741
07019,07,Escorca,199
07020,07,Esporles,5264
07021,07,Estellencs,369
07022,07,Felanitx,19146
07023,07,Ferreries,5170
07024,07,Formentera,11661
07025,07,Fornalutx,743
07026,07,Eivissa,55337
07027,07,Inca,36262
07028,07,Lloret de Vistalegre,1691
07029,07,Lloseta,6463
07030,07,Llubí,2589
07031,07,Llucmajor,40502
07032,07,Maó,30666
07033,07,Manacor,49153
07034,07,Mancor de la Vall,1692
07035,07,Maria de la Salut,2461
07036,07,Marratxí,40422
07037,07,"Mercadal, Es",6459
07038,07,Montuïri,3289
07039,07,Muro,8398
07040,07,Palma,434786
07041,07,Petra,3231
07042,07,Pollença,17807
07043,07,Porreres,5892
07044,07,"Pobla, Sa",14990
07045,07,Puigpunyent,2049
07046,07,Sant Antoni de Portmany,29132
07047,07,Sencelles,3973
07048,07,Sant Josep de sa Talaia,29761
07049,07,Sant Joan,2336
07050,07,Sant Joan de Labritja,7046
07051,07,Sant Llorenç des Cardassar,9231
07052,07,Sant Lluís,7312
07053,07,Santa Eugènia,1902
07054,07,Santa Eulària des Riu,42479
07055,07,Santa Margalida,14056
07056,07,Santa María del Camí,7744
07057,07,Santanyí,13067
07058,07,Selva,4326
07059,07,"Salines, Ses",5248
07060,07,Sineu,4537
07061,07,Sóller,13882
07062,07,Son Servera,12417
07063,07,Valldemossa,2038
07064,07,"Castell, Es",7774
07065,07,Vilafranca de Bonany,3929
07901,07,Ariany,1072
07902,07,"Migjorn Gran, Es",1765
08001,08,Abrera,13227
08002,08,Aguilar de Segarra,292
08003,08,Alella,10262
08004,08,Alpens,267
08005,08,"Ametlla del Vallès, L'",9474
08006,08,Arenys de Mar,17042
08007,08,Arenys de Munt,9558
08008,08,Argençola,245
08009,08,Argentona,12891
08010,08,Artés,6225
08011,08,Avià,2267
08012,08,Avinyó,2322
08013,08,Avinyonet del Penedès,1782
08014,08,Aiguafreda,2569
08015,08,Badalona,231542
08016,08,Bagà,2161
08017,08,Balenyà,4021
08018,08,Balsareny,3380
08019,08,Barcelona,1731649
08020,08,Begues,7561
08021,08,Bellprat,69
08022,08,Berga,17473
08023,08,Bigues i Riells del Fai,10139
08024,08,Borredà,433
08025,08,"Bruc, El",2290
08026,08,"Brull, El",296
08027,08,"Cabanyes, Les",1060
08028,08,Cabrera d'Anoia,1772
08029,08,Cabrera de Mar,5045
08030,08,Cabrils,7765
08031,08,Calaf,3644
08032,08,Caldes d'Estrac,3356
08033,08,Caldes de Montbui,18567
08034,08,Calders,1122
08035,08,Calella,20864
08036,08,Calonge de Segarra,179
08037,08,Calldetenes,2733
08038,08,Callús,2180
08039,08,Campins,586
08040,08,Canet de Mar,15198
08041,08,Canovelles,17473
08042,08,Cànoves i Samalús,3399
08043,08,Canyelles,5505
08044,08,Capellades,5608
08045,08,Capolat,93
08046,08,Cardedeu,19046
08047,08,Cardona,4553
08048,08,Carme,847
08049,08,Casserres,1660
08050,08,Castellar del Riu,151
08051,08,Castellar del Vallès,25422
08052,08,Castellar de n'Hug,166
08053,08,Castellbell i el Vilar,4159
08054,08,Castellbisbal,13061
08055,08,Castellcir,804
08056,08,Castelldefels,70057
08057,08,Castell de l'Areny,68
08058,08,Castellet i la Gornal,2776
08059,08,Castellfollit del Boix,467
08060,08,Castellfollit de Riubregós,153
08061,08,Castellgalí,2413
08062,08,Castellnou de Bages,1473
08063,08,Castellolí,669
08064,08,Castellterçol,2754
08065,08,Castellví de la Marca,1721
08066,08,Castellví de Rosanes,2171
08067,08,Centelles,7864
08068,08,Cervelló,9743
08069,08,Collbató,4828
08070,08,Collsuspina,391
08071,08,Copons,352
08072,08,Corbera de Llobregat,16010
08073,08,Cornellà de Llobregat,92237
08074,08,Cubelles,17673
08075,08,Dosrius,6287
08076,08,Esparreguera,22665
08077,08,Esplugues de Llobregat,48221
08078,08,"Espunyola, L'",260
08079,08,"Estany, L'",390
08080,08,Fígols,40
08081,08,Fogars de Montclús,494
08082,08,Fogars de la Selva,1704
08083,08,Folgueroles,2262
08084,08,Fonollosa,1570
08085,08,Font-rubí,1441
08086,08,"Franqueses del Vallès, Les",20881
08087,08,Gallifa,171
08088,08,"Garriga, La",17426
08089,08,Gavà,48243
08090,08,Gaià,172
08091,08,Gelida,8198
08092,08,Gironella,5083
08093,08,Gisclareny,28
08094,08,"Granada, La",2287
08095,08,Granera,84
08096,08,Granollers,65341
08097,08,Gualba,1766
08098,08,Sant Salvador de Guardiola,3612
08099,08,Guardiola de Berguedà,964
08100,08,Gurb,2741
08101,08,"Hospitalet de Llobregat, L'",289510
08102,08,Igualada,42085
08103,08,Jorba,850
08104,08,"Llacuna, La",959
08105,08,"Llagosta, La",13280
08106,08,Llinars del Vallès,10956
08107,08,Lliçà d'Amunt,16540
08108,08,Lliçà de Vall,6903
08109,08,Lluçà,281
08110,08,Malgrat de Mar,19714
08111,08,Malla,285
08112,08,Manlleu,21425
08113,08,Manresa,80974
08114,08,Martorell,29175
08115,08,Martorelles,4992
08116,08,"Masies de Roda, Les",758
08117,08,"Masies de Voltregà, Les",3345
08118,08,"Masnou, El",24761
08119,08,Masquefa,10120
08120,08,Matadepera,9776
08121,08,Mataró,131683
08122,08,Mediona,2658
08123,08,Molins de Rei,27300
08124,08,Mollet del Vallès,52990
08125,08,Montcada i Reixac,37460
08126,08,Montgat,12879
08127,08,Monistrol de Montserrat,3250
08128,08,Monistrol de Calders,764
08129,08,Muntanyola,697
08130,08,Montclar,132
08131,08,Montesquiu,1131
08132,08,Montmajor,473
08133,08,Montmaneu,181
08134,08,Figaró-Montmany,1195
08135,08,Montmeló,8886
08136,08,Montornès del Vallès,17102
08137,08,Montseny,388
08138,08,Moià,6828
08139,08,Mura,235
08140,08,Navarcles,6276
08141,08,Navàs,6238
08142,08,"Nou de Berguedà, La",163
08143,08,Òdena,3760
08144,08,Olvan,924
08145,08,Olèrdola,3945
08146,08,Olesa de Bonesvalls,2135
08147,08,Olesa de Montserrat,24966
08148,08,Olivella,4435
08149,08,Olost,1209
08150,08,Orís,355
08151,08,Oristà,555
08152,08,Orpí,175
08153,08,Òrrius,812
08154,08,Pacs del Penedès,932
08155,08,Palafolls,10038
08156,08,Palau-solità i Plegamans,15614
08157,08,Pallejà,12006
08158,08,"Papiol, El",4404
08159,08,Parets del Vallès,18885
08160,08,Perafita,433
08161,08,Piera,17880
08162,08,"Hostalets de Pierola, Els",3258
08163,08,Pineda de Mar,30108
08164,08,"Pla del Penedès, El",1393
08165,08,"Pobla de Claramunt, La",2350
08166,08,"Pobla de Lillet, La",1105
08167,08,Polinyà,8581
08168,08,Pontons,516
08169,08,"Prat de Llobregat, El",66338
08170,08,"Prats de Rei, Els",554
08171,08,Prats de Lluçanès,2761
08172,08,Premià de Mar,29431
08174,08,Puigdàlber,621
08175,08,Puig-reig,4565
08176,08,Pujalt,204
08177,08,"Quar, La",41
08178,08,Rajadell,597
08179,08,Rellinars,926
08180,08,Ripollet,39897
08181,08,"Roca del Vallès, La",11014
08182,08,"Pont de Vilomara i Rocafort, El",4193
08183,08,Roda de Ter,6937
08184,08,Rubí,82823
08185,08,Rubió,225
08187,08,Sabadell,225368
08188,08,Sagàs,154
08189,08,Sant Pere Sallavinera,177
08190,08,Saldes,302
08191,08,Sallent,7030
08192,08,Santpedor,7744
08193,08,Sant Iscle de Vallalta,1477
08194,08,Sant Adrià de Besòs,39323
08195,08,Sant Agustí de Lluçanès,106
08196,08,Sant Andreu de la Barca,27094
08197,08,Sant Andreu de Llavaneres,11938
08198,08,Sant Antoni de Vilamajor,6724
08199,08,Sant Bartomeu del Grau,933
08200,08,Sant Boi de Llobregat,85610
08201,08,Sant Boi de Lluçanès,602
08202,08,Sant Celoni,18977
08203,08,Sant Cebrià de Vallalta,3872
08204,08,Sant Climent de Llobregat,4187
08205,08,Sant Cugat del Vallès,97983
08206,08,Sant Cugat Sesgarrigues,1038
08207,08,Sant Esteve de Palautordera,3099
08208,08,Sant Esteve Sesrovires,8121
08209,08,Sant Fost de Campsentelles,9419
08210,08,Sant Feliu de Codines,6827
08211,08,Sant Feliu de Llobregat,46781
08212,08,Sant Feliu Sasserra,633
08213,08,Sant Fruitós de Bages,9333
08214,08,Vilassar de Dalt,9404
08215,08,Sant Hipòlit de Voltregà,3666
08216,08,Sant Jaume de Frontanyà,25
08217,08,Sant Joan Despí,35926
08218,08,Sant Joan de Vilatorrada,11133
08219,08,Vilassar de Mar,21227
08220,08,Sant Julià de Vilatorta,3323
08221,08,Sant Just Desvern,21037
08222,08,Sant Llorenç d'Hortons,2627
08223,08,Sant Llorenç Savall,2587
08224,08,Sant Martí de Centelles,1263
08225,08,Sant Martí d'Albars,135
08226,08,Sant Martí de Tous,1269
08227,08,Sant Martí Sarroca,3485
08228,08,Sant Martí Sesgueioles,353
08229,08,Sant Mateu de Bages,641
08230,08,Premià de Dalt,10632
08231,08,Sant Pere de Ribes,32705
08232,08,Sant Pere de Riudebitlles,2516
08233,08,Sant Pere de Torelló,2596
08234,08,Sant Pere de Vilamajor,5074
08235,08,Sant Pol de Mar,5793
08236,08,Sant Quintí de Mediona,2580
08237,08,Sant Quirze de Besora,2164
08238,08,Sant Quirze del Vallès,20209
08239,08,Sant Quirze Safaja,663
08240,08,Sant Sadurní d'Anoia,12911
08241,08,Sant Sadurní d'Osormort,89
08242,08,Marganell,309
08243,08,Santa Cecília de Voltregà,197
08244,08,Santa Coloma de Cervelló,8273
08245,08,Santa Coloma de Gramenet,123981
08246,08,Santa Eugènia de Berga,2348
08247,08,Santa Eulàlia de Riuprimer,1516
08248,08,Santa Eulàlia de Ronçana,7953
08249,08,Santa Fe del Penedès,365
08250,08,Santa Margarida de Montbui,10631
08251,08,Santa Margarida i els Monjos,7806
08252,08,Barberà del Vallès,33987
08253,08,Santa Maria de Besora,164
08254,08,"Esquirol, L'",2301
08255,08,Santa Maria de Merlès,179
08256,08,Santa Maria de Martorelles,868
08257,08,Santa Maria de Miralles,144
08258,08,Santa Maria d'Oló,1099
08259,08,Santa Maria de Palautordera,10080
08260,08,Santa Perpètua de Mogoda,26130
08261,08,Santa Susanna,4099
08262,08,Sant Vicenç de Castellet,10164
08263,08,Sant Vicenç dels Horts,28746
08264,08,Sant Vicenç de Montalt,6802
08265,08,Sant Vicenç de Torelló,2117
08266,08,Cerdanyola del Vallès,58528
08267,08,Sentmenat,9548
08268,08,Cercs,1236
08269,08,Seva,3808
08270,08,Sitges,32609
08271,08,Sobremunt,90
08272,08,Sora,225
08273,08,Subirats,3288
08274,08,Súria,6200
08275,08,Tavèrnoles,354
08276,08,Tagamanent,328
08277,08,Talamanca,209
08278,08,Taradell,6854
08279,08,Terrassa,233270
08280,08,Tavertet,128
08281,08,Teià,6898
08282,08,Tiana,9331
08283,08,Tona,8527
08284,08,Tordera,19039
08285,08,Torelló,15334
08286,08,"Torre de Claramunt, La",4158
08287,08,Torrelavit,1572
08288,08,Torrelles de Foix,2746
08289,08,Torrelles de Llobregat,6170
08290,08,Ullastrell,2171
08291,08,Vacarisses,7729
08292,08,Vallbona d'Anoia,1424
08293,08,Vallcebre,260
08294,08,Vallgorguina,3261
08295,08,Vallirana,16245
08296,08,Vallromanes,2778
08297,08,Veciana,168
08298,08,Vic,50796
08299,08,Vilada,432
08300,08,Viladecavalls,7817
08301,08,Viladecans,67587
08302,08,Vilanova del Camí,12936
08303,08,Vilanova de Sau,325
08304,08,Vilobí del Penedès,1154
08305,08,Vilafranca del Penedès,42607
08306,08,Vilalba Sasserra,794
08307,08,Vilanova i la Geltrú,71641
08308,08,Viver i Serrateix,178
08901,08,Rupit i Pruit,280
08902,08,Vilanova del Vallès,5693
08903,08,Sant Julià de Cerdanyola,234
08904,08,Badia del Vallès,13060
08905,08,"Palma de Cervelló, La",3056
09001,09,Abajas,28
09003,09,Adrada de Haza,200
09006,09,Aguas Cándidas,61
09007,09,Aguilar de Bureba,46
09009,09,Albillos,220
09010,09,Alcocero de Mola,40
09011,09,Alfoz de Bricia,68
09012,09,Alfoz de Santa Gadea,102
09013,09,Altable,44
09014,09,"Altos, Los",177
09016,09,Ameyugo,107
09017,09,Anguix,166
09018,09,Aranda de Duero,33956
09019,09,Arandilla,157
09020,09,Arauzo de Miel,260
09021,09,Arauzo de Salce,44
09022,09,Arauzo de Torre,55
09023,09,Arcos,1823
09024,09,Arenillas de Riopisuerga,156
09025,09,Arija,115
09026,09,Arlanzón,425
09027,09,Arraya de Oca,49
09029,09,Atapuerca,178
09030,09,"Ausines, Los",143
09032,09,Avellanosa de Muñó,95
09033,09,Bahabón de Esgueva,80
09034,09,"Balbases, Los",298
09035,09,Baños de Valdearados,322
09036,09,Bañuelos de Bureba,32
09037,09,Barbadillo de Herreros,103
09038,09,Barbadillo del Mercado,134
09039,09,Barbadillo del Pez,64
09041,09,Barrio de Muñó,32
09043,09,"Barrios de Bureba, Los",179
09044,09,Barrios de Colina,55
09045,09,Basconcillos del Tozo,276
09046,09,Bascuñana,20
09047,09,Belbimbre,53
09048,09,Belorado,1823
09050,09,Berberana,52
09051,09,Berlangas de Roa,204
09052,09,Berzosa de Bureba,26
09054,09,Bozoó,101
09055,09,Brazacorta,43
09056,09,Briviesca,6728
09057,09,Bugedo,193
09058,09,Buniel,632
09059,09,Burgos,177402
09060,09,Busto de Bureba,140
09061,09,Cabañes de Esgueva,145
09062,09,Cabezón de la Sierra,33
09063,09,Cavia,246
09064,09,Caleruega,385
09065,09,Campillo de Aranda,175
09066,09,Campolara,46
09067,09,Canicosa de la Sierra,410
09068,09,Cantabrana,22
09070,09,Carazo,42
09071,09,Carcedo de Bureba,36
09072,09,Carcedo de Burgos,513
09073,09,Cardeñadijo,1445
09074,09,Cardeñajimeno,1185
09075,09,Cardeñuela Riopico,106
09076,09,Carrias,26
09077,09,Cascajares de Bureba,25
09078,09,Cascajares de la Sierra,25
09079,09,Castellanos de Castro,48
09082,09,Castildelgado,34
09083,09,Castil de Peones,26
09084,09,Castrillo de la Reina,159
09085,09,Castrillo de la Vega,626
09086,09,Castrillo del Val,858
09088,09,Castrillo de Riopisuerga,56
09090,09,Castrillo Mota de Judíos,48
09091,09,Castrojeriz,794
09093,09,Cayuela,186
09094,09,Cebrecos,60
09095,09,Celada del Camino,91
09098,09,Cerezo de Río Tirón,467
09100,09,Cerratón de Juarros,42
09101,09,Ciadoncha,77
09102,09,Cillaperlata,31
09103,09,Cilleruelo de Abajo,209
09104,09,Cilleruelo de Arriba,52
09105,09,Ciruelos de Cervera,90
09108,09,Cogollos,687
09109,09,Condado de Treviño,1468
09110,09,Contreras,81
09112,09,Coruña del Conde,95
09113,09,Covarrubias,501
09114,09,Cubillo del Campo,103
09115,09,Cubo de Bureba,102
09117,09,"Cueva de Roa, La",89
09119,09,Cuevas de San Clemente,52
09120,09,Encío,37
09122,09,Espinosa de Cervera,81
09123,09,Espinosa del Camino,43
09124,09,Espinosa de los Monteros,1627
09125,09,Estépar,646
09127,09,Fontioso,52
09128,09,Frandovínez,95
09129,09,Fresneda de la Sierra Tirón,98
09130,09,Fresneña,68
09131,09,Fresnillo de las Dueñas,703
09132,09,Fresno de Río Tirón,156
09133,09,Fresno de Rodilla,49
09134,09,Frías,258
09135,09,Fuentebureba,58
09136,09,Fuentecén,246
09137,09,Fuentelcésped,290
09138,09,Fuentelisendo,96
09139,09,Fuentemolinos,89
09140,09,Fuentenebro,137
09141,09,Fuentespina,833
09143,09,Galbarros,28
09144,09,"Gallega, La",34
09148,09,Grijalba,114
09149,09,Grisaleña,58
09151,09,Gumiel de Izán,587
09152,09,Gumiel de Mercado,376
09154,09,Hacinas,145
09155,09,Haza,33
09159,09,Hontanas,69
09160,09,Hontangas,92
09162,09,Hontoria de la Cantera,172
09163,09,Hontoria del Pinar,613
09164,09,Hontoria de Valdearados,152
09166,09,"Hormazas, Las",93
09167,09,Hornillos del Camino,44
09168,09,"Horra, La",295
09169,09,Hortigüela,103
09170,09,Hoyales de Roa,208
09172,09,Huérmeces,159
09173,09,Huerta de Arriba,121
09174,09,Huerta de Rey,889
09175,09,Humada,114
09176,09,Hurones,59
09177,09,Ibeas de Juarros,1492
09178,09,Ibrillos,30
09179,09,Iglesiarrubia,45
09180,09,Iglesias,136
09181,09,Isar,279
09182,09,Itero del Castillo,74
09183,09,Jaramillo de la Fuente,45
09184,09,Jaramillo Quemado,12
09189,09,Junta de Traslaloma,118
09190,09,Junta de Villalba de Losa,79
09191,09,Jurisdicción de Lara,39
09192,09,Jurisdicción de San Zadornil,62
09194,09,Lerma,2629
09195,09,Llano de Bureba,45
09196,09,Madrigal del Monte,141
09197,09,Madrigalejo del Monte,160
09198,09,Mahamud,107
09199,09,Mambrilla de Castrejón,105
09200,09,Mambrillas de Lara,54
09201,09,Mamolar,27
09202,09,Manciles,21
09206,09,Mazuela,55
09208,09,Mecerreyes,176
09209,09,Medina de Pomar,6190
09211,09,Melgar de Fernamental,1496
09213,09,Merindad de Cuesta-Urria,263
09214,09,Merindad de Montija,723
09215,09,Merindad de Sotoscueva,399
09216,09,Merindad de Valdeporres,412
09217,09,Merindad de Valdivielso,384
09218,09,Milagros,409
09219,09,Miranda de Ebro,36622
09220,09,Miraveche,92
09221,09,Modúbar de la Emparedada,773
09223,09,Monasterio de la Sierra,38
09224,09,Monasterio de Rodilla,171
09225,09,Moncalvillo,77
09226,09,Monterrubio de la Demanda,55
09227,09,Montorio,138
09228,09,Moradillo de Roa,167
09229,09,Nava de Roa,202
09230,09,Navas de Bureba,24
09231,09,Nebreda,50
09232,09,Neila,113
09235,09,Olmedillo de Roa,188
09236,09,Olmillos de Muñó,38
09238,09,Oña,938
09239,09,Oquillas,52
09241,09,Orbaneja Riopico,341
09242,09,Padilla de Abajo,71
09243,09,Padilla de Arriba,86
09244,09,Padrones de Bureba,49
09246,09,Palacios de la Sierra,662
09247,09,Palacios de Riopisuerga,19
09248,09,Palazuelos de la Sierra,95
09249,09,Palazuelos de Muñó,52
09250,09,Pampliega,281
09251,09,Pancorbo,431
09253,09,Pardilla,109
09255,09,Partido de la Sierra en Tobalina,75
09256,09,Pedrosa de Duero,458
09257,09,Pedrosa del Páramo,88
09258,09,Pedrosa del Príncipe,155
09259,09,Pedrosa de Río Úrbel,262
09261,09,Peñaranda de Duero,470
09262,09,Peral de Arlanza,169
09265,09,Piérnigas,43
09266,09,Pineda de la Sierra,92
09267,09,Pineda Trasmonte,95
09268,09,Pinilla de los Barruecos,100
09269,09,Pinilla de los Moros,30
09270,09,Pinilla Trasmonte,152
09272,09,Poza de la Sal,278
09273,09,Prádanos de Bureba,54
09274,09,Pradoluengo,1090
09275,09,Presencio,212
09276,09,"Puebla de Arganzón, La",565
09277,09,Puentedura,117
09279,09,Quemada,242
09280,09,Quintanabureba,29
09281,09,Quintana del Pidio,150
09283,09,Quintanaélez,44
09287,09,Quintanaortuño,297
09288,09,Quintanapalla,123
09289,09,Quintanar de la Sierra,1474
09292,09,Quintanavides,65
09294,09,Quintanilla de la Mata,109
09295,09,Quintanilla del Coco,50
09297,09,"Quintanillas, Las",386
09298,09,Quintanilla San García,66
09301,09,Quintanilla Vivar,890
09302,09,Rabanera del Pinar,94
09303,09,Rábanos,73
09304,09,Rabé de las Calzadas,259
09306,09,Rebolledo de la Torre,100
09307,09,Redecilla del Camino,98
09308,09,Redecilla del Campo,65
09309,09,Regumiel de la Sierra,304
09310,09,Reinoso,21
09311,09,Retuerta,56
09312,09,"Revilla y Ahedo, La",97
09314,09,Revilla del Campo,96
09315,09,Revillarruz,621
09316,09,Revilla Vallejera,112
09317,09,Rezmondo,18
09318,09,Riocavado de la Sierra,54
09321,09,Roa,2276
09323,09,Rojas,62
09325,09,Royuela de Río Franco,169
09326,09,Rubena,207
09327,09,Rublacedo de Abajo,37
09328,09,Rucandio,72
09329,09,Salas de Bureba,129
09330,09,Salas de los Infantes,1959
09332,09,Saldaña de Burgos,203
09334,09,Salinillas de Bureba,55
09335,09,San Adrián de Juarros,84
09337,09,San Juan del Monte,163
09338,09,San Mamés de Burgos,323
09339,09,San Martín de Rubiales,137
09340,09,San Millán de Lara,61
09343,09,Santa Cecilia,107
09345,09,Santa Cruz de la Salceda,148
09346,09,Santa Cruz del Valle Urbión,94
09347,09,Santa Gadea del Cid,180
09348,09,Santa Inés,153
09350,09,Santa María del Campo,508
09351,09,Santa María del Invierno,70
09352,09,Santa María del Mercadillo,119
09353,09,Santa María Ribarredonda,97
09354,09,Santa Olalla de Bureba,38
09355,09,Santibáñez de Esgueva,72
09356,09,Santibáñez del Val,64
09358,09,Santo Domingo de Silos,251
09360,09,San Vicente del Valle,26
09361,09,Sargentes de la Lora,130
09362,09,Sarracín,261
09363,09,Sasamón,898
09365,09,"Sequera de Haza, La",28
09366,09,Solarana,73
09368,09,Sordillos,23
09369,09,Sotillo de la Ribera,468
09372,09,Sotragero,300
09373,09,Sotresgudo,413
09374,09,Susinos del Páramo,115
09375,09,Tamarón,52
09377,09,Tardajos,862
09378,09,Tejada,35
09380,09,Terradillos de Esgueva,58
09381,09,Tinieblas de la Sierra,20
09382,09,Tobar,27
09384,09,Tordómar,290
09386,09,Torrecilla del Monte,79
09387,09,Torregalindo,130
09388,09,Torrelara,34
09389,09,Torrepadre,68
09390,09,Torresandino,565
09391,09,Tórtoles de Esgueva,362
09392,09,Tosantos,48
09394,09,Trespaderne,721
09395,09,Tubilla del Agua,126
09396,09,Tubilla del Lago,164
09398,09,Úrbel del Castillo,53
09400,09,Vadocondes,368
09403,09,Valdeande,103
09405,09,Valdezate,115
09406,09,Valdorros,377
09407,09,Valmala,24
09408,09,Vallarta de Bureba,41
09409,09,Valle de Manzanedo,115
09410,09,Valle de Mena,4155
09411,09,Valle de Oca,160
09412,09,Valle de Tobalina,877
09413,09,Valle de Valdebezana,479
09414,09,Valle de Valdelaguna,187
09415,09,Valle de Valdelucio,342
09416,09,Valle de Zamanzas,46
09417,09,Vallejera,38
09418,09,Valles de Palenzuela,74
09419,09,Valluércanes,70
09421,09,"Vid y Barrios, La",237
09422,09,"Vid de Bureba, La",26
09423,09,Vileña,23
09424,09,Viloria de Rioja,38
09425,09,Vilviestre del Pinar,511
09427,09,Villadiego,1453
09428,09,Villaescusa de Roa,95
09429,09,Villaescusa la Sombría,61
09430,09,Villaespasa,21
09431,09,Villafranca Montes de Oca,117
09432,09,Villafruela,140
09433,09,Villagalijo,52
09434,09,Villagonzalo Pedernales,1903
09437,09,Villahoz,262
09438,09,Villalba de Duero,720
09439,09,Villalbilla de Burgos,1554
09440,09,Villalbilla de Gumiel,73
09441,09,Villaldemiro,92
09442,09,Villalmanzo,409
09443,09,Villamayor de los Montes,157
09444,09,Villamayor de Treviño,59
09445,09,Villambistia,44
09446,09,Villamedianilla,9
09447,09,Villamiel de la Sierra,43
09448,09,Villangómez,229
09449,09,Villanueva de Argaño,117
09450,09,Villanueva de Carazo,24
09451,09,Villanueva de Gumiel,281
09454,09,Villanueva de Teba,43
09455,09,Villaquirán de la Puebla,45
09456,09,Villaquirán de los Infantes,154
09458,09,Villariezo,731
09460,09,Villasandino,179
09463,09,Villasur de Herreros,269
09464,09,Villatuelda,41
09466,09,Villaverde del Monte,112
09467,09,Villaverde-Mogina,68
09471,09,Villayerno Morquillas,208
09472,09,Villazopeque,51
09473,09,Villegas,83
09476,09,Villoruebo,62
09478,09,Vizcaínos,41
09480,09,Zael,117
09482,09,Zarzosa de Río Pisuerga,29
09483,09,Zazuar,198
09485,09,Zuñeda,58
09901,09,Quintanilla del Agua y Tordueles,336
09902,09,Valle de Santibáñez,482
09903,09,Villarcayo de Merindad de Castilla la Vieja,4103
09904,09,Valle de las Navas,549
09905,09,Valle de Sedano,402
09906,09,Merindad de Río Ubierna,1400
09907,09,Alfoz de Quintanadueñas,2158
09908,09,Valle de Losa,486
10001,10,Abadía,337
10002,10,Abertura,362
10003,10,Acebo,567
10004,10,Acehúche,808
10005,10,Aceituna,569
10006,10,Ahigal,1340
10007,10,Albalá,647
10008,10,Alcántara,1329
10009,10,Alcollarín,259
10010,10,Alcuéscar,2447
10011,10,Aldeacentenera,603
10012,10,Aldea del Cano,609
10013,10,"Aldea del Obispo, La",290
10014,10,Aldeanueva de la Vera,1966
10015,10,Aldeanueva del Camino,696
10016,10,Aldehuela de Jerte,348
10017,10,Alía,722
10018,10,Aliseda,1726
10019,10,Almaraz,1594
10020,10,Almoharín,1771
10021,10,Arroyo de la Luz,5495
10022,10,Arroyomolinos de la Vera,424
10023,10,Arroyomolinos,816
10024,10,Baños de Montemayor,738
10025,10,Barrado,383
10026,10,Belvís de Monroy,774
10027,10,Benquerencia,74
10028,10,Berrocalejo,120
10029,10,Berzocana,375
10030,10,Bohonal de Ibor,488
10031,10,Botija,184
10032,10,Brozas,1718
10033,10,Cabañas del Castillo,406
10034,10,Cabezabellosa,317
10035,10,Cabezuela del Valle,2049
10036,10,Cabrero,353
10037,10,Cáceres,96651
10038,10,Cachorrilla,83
10039,10,Cadalso,394
10040,10,Calzadilla,450
10041,10,Caminomorisco,1097
10042,10,Campillo de Deleitosa,82
10043,10,Campo Lugar,790
10044,10,Cañamero,1578
10045,10,Cañaveral,995
10046,10,Carbajo,183
10047,10,Carcaboso,1076
10048,10,Carrascalejo,223
10049,10,Casar de Cáceres,4511
10050,10,Casar de Palomero,991
10051,10,Casares de las Hurdes,362
10052,10,Casas de Don Antonio,167
10053,10,Casas de Don Gómez,342
10054,10,Casas del Castañar,583
10055,10,Casas del Monte,761
10056,10,Casas de Millán,536
10057,10,Casas de Miravete,106
10058,10,Casatejada,1393
10059,10,Casillas de Coria,354
10060,10,Castañar de Ibor,1020
10061,10,Ceclavín,1769
10062,10,Cedillo,453
10063,10,Cerezo,147
10064,10,Cilleros,1547
10065,10,Collado de la Vera,274
10066,10,Conquista de la Sierra,193
10067,10,Coria,12001
10068,10,Cuacos de Yuste,809
10069,10,"Cumbre, La",815
10070,10,Deleitosa,681
10071,10,Descargamaría,105
10072,10,Eljas,827
10073,10,Escurial,855
10075,10,Fresnedoso de Ibor,236
10076,10,Galisteo,849
10077,10,Garciaz,666
10078,10,"Garganta, La",353
10079,10,Garganta la Olla,874
10080,10,Gargantilla,346
10081,10,Gargüera,187
10082,10,Garrovillas de Alconétar,1941
10083,10,Garvín,101
10084,10,Gata,1335
10085,10,"Gordo, El",363
10086,10,"Granja, La",313
10087,10,Guadalupe,1722
10088,10,Guijo de Coria,180
10089,10,Guijo de Galisteo,1460
10090,10,Guijo de Granadilla,497
10091,10,Guijo de Santa Bárbara,386
10092,10,Herguijuela,264
10093,10,Hernán-Pérez,401
10094,10,Herrera de Alcántara,225
10095,10,Herreruela,322
10096,10,Hervás,3898
10097,10,Higuera de Albalat,102
10098,10,Hinojal,391
10099,10,Holguera,588
10100,10,Hoyos,848
10101,10,Huélaga,203
10102,10,Ibahernando,538
10103,10,Jaraicejo,418
10104,10,Jaraíz de la Vera,6831
10105,10,Jarandilla de la Vera,2894
10106,10,Jarilla,127
10107,10,Jerte,1189
10108,10,Ladrillar,177
10109,10,Logrosán,1852
10110,10,Losar de la Vera,2799
10111,10,Madrigal de la Vera,1536
10112,10,Madrigalejo,1710
10113,10,Madroñera,2349
10114,10,Majadas,1281
10115,10,Malpartida de Cáceres,4027
10116,10,Malpartida de Plasencia,4666
10117,10,Marchagaz,231
10118,10,Mata de Alcántara,300
10119,10,Membrío,587
10120,10,Mesas de Ibor,146
10121,10,Miajadas,9396
10122,10,Millanes,239
10123,10,Mirabel,620
10124,10,Mohedas de Granadilla,817
10125,10,Monroy,909
10126,10,Montánchez,1597
10127,10,Montehermoso,5552
10128,10,Moraleja,6562
10129,10,Morcillo,378
10130,10,Navaconcejo,2037
10131,10,Navalmoral de la Mata,17352
10132,10,Navalvillar de Ibor,374
10133,10,Navas del Madroño,1254
10134,10,Navezuelas,668
10135,10,Nuñomoral,1196
10136,10,Oliva de Plasencia,290
10137,10,Palomero,450
10138,10,Pasarón de la Vera,588
10139,10,Pedroso de Acim,90
10140,10,Peraleda de la Mata,1444
10141,10,Peraleda de San Román,268
10142,10,Perales del Puerto,874
10143,10,Pescueza,150
10144,10,"Pesga, La",950
10145,10,Piedras Albas,125
10146,10,Pinofranqueado,1783
10147,10,Piornal,1443
10148,10,Plasencia,40132
10149,10,Plasenzuela,536
10150,10,Portaje,379
10151,10,Portezuelo,196
10152,10,Pozuelo de Zarzón,430
10153,10,Puerto de Santa Cruz,268
10154,10,Rebollar,203
10155,10,Riolobos,1173
10156,10,Robledillo de Gata,91
10157,10,Robledillo de la Vera,252
10158,10,Robledillo de Trujillo,394
10159,10,Robledollano,325
10160,10,Romangordo,240
10161,10,Ruanes,82
10162,10,Salorino,522
10163,10,Salvatierra de Santiago,229
10164,10,San Martín de Trevejo,693
10165,10,Santa Ana,302
10166,10,Santa Cruz de la Sierra,317
10167,10,Santa Cruz de Paniagua,286
10168,10,Santa Marta de Magasca,291
10169,10,Santiago de Alcántara,454
10170,10,Santiago del Campo,250
10171,10,Santibáñez el Alto,386
10172,10,Santibáñez el Bajo,711
10173,10,Saucedilla,1002
10174,10,Segura de Toro,190
10175,10,Serradilla,1448
10176,10,Serrejón,410
10177,10,Sierra de Fuentes,2081
10178,10,Talaván,775
10179,10,Talaveruela de la Vera,303
10180,10,Talayuela,7439
10181,10,Tejeda de Tiétar,761
10182,10,Toril,157
10183,10,Tornavacas,989
10184,10,"Torno, El",805
10185,10,Torrecilla de los Ángeles,642
10186,10,Torrecillas de la Tiesa,1038
10187,10,Torre de Don Miguel,481
10188,10,Torre de Santa María,508
10189,10,Torrejoncillo,2743
10190,10,Torrejón el Rubio,537
10191,10,Torremenga,620
10192,10,Torremocha,742
10193,10,Torreorgaz,1641
10194,10,Torrequemada,564
10195,10,Trujillo,8611
10196,10,Valdastillas,332
10197,10,Valdecañas de Tajo,96
10198,10,Valdefuentes,1074
10199,10,Valdehúncar,188
10200,10,Valdelacasa de Tajo,338
10201,10,Valdemorales,218
10202,10,Valdeobispo,617
10203,10,Valencia de Alcántara,5150
10204,10,Valverde de la Vera,428
10205,10,Valverde del Fresno,2143
10206,10,Viandar de la Vera,216
10207,10,Villa del Campo,435
10208,10,Villa del Rey,118
10209,10,Villamesías,271
10210,10,Villamiel,379
10211,10,Villanueva de la Sierra,478
10212,10,Villanueva de la Vera,2108
10213,10,Villar del Pedroso,547
10214,10,Villar de Plasencia,224
10215,10,Villasbuenas de Gata,481
10216,10,Zarza de Granadilla,1815
10217,10,Zarza de Montánchez,504
10218,10,Zarza la Mayor,1096
10219,10,Zorita,1223
10901,10,Rosalejo,1268
10902,10,Vegaviana,837
10903,10,Alagón del Río,919
10904,10,Tiétar,835
10905,10,Pueblonuevo de Miramontes,762
11001,11,Alcalá de los Gazules,5230
11002,11,Alcalá del Valle,4864
11003,11,Algar,1452
11004,11,Algeciras,126589
11005,11,Algodonales,5425
11006,11,Arcos de la Frontera,31267
11007,11,Barbate,22635
11008,11,"Barrios, Los",24449
11009,11,Benaocaz,742
11010,11,Bornos,7510
11011,11,"Bosque, El",2242
11012,11,Cádiz,109950
11013,11,Castellar de la Frontera,2984
11014,11,Conil de la Frontera,24102
11015,11,Chiclana de la Frontera,90864
11016,11,Chipiona,20076
11017,11,Espera,3755
11018,11,"Gastor, El",1675
11019,11,Grazalema,1977
11020,11,Jerez de la Frontera,213634
11021,11,Jimena de la Frontera,6719
11022,11,"Línea de la Concepción, La",64499
11023,11,Medina Sidonia,11838
11024,11,Olvera,7842
11025,11,Paterna de Rivera,5539
11026,11,Prado del Rey,5692
11027,11,"Puerto de Santa María, El",89983
11028,11,Puerto Real,42527
11029,11,Puerto Serrano,6877
11030,11,Rota,29289
11031,11,San Fernando,93338
11032,11,Sanlúcar de Barrameda,70012
11033,11,San Roque,34310
11034,11,Setenil de las Bodegas,2634
11035,11,Tarifa,18613
11036,11,Torre Alháquime,781
11037,11,Trebujena,6999
11038,11,Ubrique,16615
11039,11,Vejer de la Frontera,13131
11040,11,Villaluenga del Rosario,463
11041,11,Villamartín,12184
11042,11,Zahara,1344
11901,11,Benalup-Casas Viejas,7236
11902,11,San José del Valle,4419
11903,11,San Martín del Tesorillo,2735
12001,12,Atzeneta del Maestrat,1284
12002,12,Aín,133
12003,12,Albocàsser,1370
12004,12,Alcalà de Xivert,7349
12005,12,"Alcora, l'",10664
12006,12,Alcudia de Veo,200
12007,12,Alfondeguilla,881
12008,12,Algimia de Almonacid,254
12009,12,Almassora,29159
12010,12,Almedíjar,288
12011,12,Almenara,6813
12012,12,Altura,3849
12013,12,Arañuel,148
12014,12,Ares del Maestrat,181
12015,12,Argelita,139
12016,12,Artana,1993
12017,12,Ayódar,176
12018,12,Azuébar,359
12020,12,Barracas,188
12021,12,Betxí,5659
12022,12,Bejís,400
12024,12,Benafer,168
12025,12,Benafigos,121
12026,12,Benassal,1048
12027,12,Benicarló,30296
12028,12,Benicàssim/Benicasim,20539
12029,12,Benlloc,1143
12031,12,Borriol,6018
12032,12,Borriana/Burriana,37915
12033,12,Cabanes,3475
12034,12,Càlig,2042
12036,12,Canet lo Roig,715
12037,12,Castell de Cabres,21
12038,12,Castellfort,178
12039,12,Castellnovo,912
12040,12,Castelló de la Plana/Castellón de la Plana,183711
12041,12,Castillo de Villamalefa,110
12042,12,Catí,719
12043,12,Caudiel,735
12044,12,Cervera del Maestre,617
12045,12,Cinctorres,433
12046,12,Cirat,220
12048,12,Cortes de Arenoso,308
12049,12,Costur,511
12050,12,"Coves de Vinromà, les",1888
12051,12,Culla,503
12052,12,Xert,702
12053,12,Chilches/Xilxes,3199
12055,12,Xodos/Chodos,107
12056,12,Chóvar,316
12057,12,Eslida,815
12058,12,Espadilla,101
12059,12,Fanzara,295
12060,12,Figueroles,525
12061,12,Forcall,475
12063,12,Fuente la Reina,55
12064,12,Fuentes de Ayódar,98
12065,12,Gaibiel,200
12067,12,Geldo,665
12068,12,Herbers,68
12069,12,Higueras,54
12070,12,"Jana, la",679
12071,12,Jérica,1764
12072,12,Llucena/Lucena del Cid,1421
12073,12,Ludiente,162
12074,12,"Llosa, la",1033
12075,12,"Mata de Morella, la",196
12076,12,Matet,94
12077,12,Moncofa,8339
12078,12,Montán,429
12079,12,Montanejos,649
12080,12,Morella,2501
12081,12,Navajas,906
12082,12,Nules,14315
12083,12,Olocau del Rey,135
12084,12,Onda,26190
12085,12,Orpesa/Oropesa del Mar,12640
12087,12,Palanques,34
12088,12,Pavías,72
12089,12,Peníscola/Peñíscola,8774
12090,12,Pina de Montalgrao,121
12091,12,Portell de Morella,155
12092,12,Puebla de Arenoso,169
12093,12,"Pobla de Benifassà, la",229
12094,12,"Pobla Tornesa, la",1322
12095,12,Ribesalbes,1191
12096,12,Rossell,910
12097,12,Sacañet,67
12098,12,"Salzadella, la",671
12099,12,Sant Jordi/San Jorge,1554
12100,12,Sant Mateu,2021
12101,12,San Rafael del Río,532
12102,12,Santa Magdalena de Pulpis,771
12103,12,"Serratella, la",113
12104,12,Segorbe,9805
12105,12,Sierra Engarcerán,1039
12106,12,Soneja,1521
12107,12,Sot de Ferrer,492
12108,12,Suera/Sueras,593
12109,12,Tales,827
12110,12,Teresa,254
12111,12,Tírig,417
12112,12,Todolella,136
12113,12,Toga,106
12114,12,Torás,271
12115,12,"Toro, El",256
12116,12,Torralba del Pinar,57
12117,12,Torreblanca,5744
12118,12,Torrechiva,106
12119,12,"Torre d'en Besora, la",164
12120,12,"Torre d'en Doménec, la",177
12121,12,Traiguera,1302
12122,12,"Useres, les/Useras",954
12123,12,Vallat,66
12124,12,Vall d'Alba,3218
12125,12,Vall de Almonacid,284
12126,12,"Vall d'Uixó, la",32242
12127,12,Vallibona,63
12128,12,Vilafamés,1962
12129,12,Vilafranca/Villafranca del Cid,2115
12130,12,Villahermosa del Río,473
12131,12,Villamalur,99
12132,12,Vilanova d'Alcolea,584
12133,12,Villanueva de Viver,94
12134,12,Vilar de Canes,156
12135,12,Vila-real,53623
12136,12,"Vilavella, la",3054
12137,12,Villores,51
12138,12,Vinaròs,30529
12139,12,Vistabella del Maestrat,354
12140,12,Viver,1729
12141,12,Zorita del Maestrazgo,118
12142,12,Zucaina,171
12901,12,"Alqueries, les/Alquerías del Niño Perdido",4605
12902,12,Sant Joan de Moró,3695
13001,13,Abenójar,1309
13002,13,Agudo,1605
13003,13,Alamillo,450
13004,13,Albaladejo,984
13005,13,Alcázar de San Juan,31914
13006,13,Alcoba,558
13007,13,Alcolea de Calatrava,1360
13008,13,Alcubillas,417
13009,13,Aldea del Rey,1565
13010,13,Alhambra,946
13011,13,Almadén,4855
13012,13,Almadenejos,384
13013,13,Almagro,9190
13014,13,Almedina,475
13015,13,Almodóvar del Campo,5637
13016,13,Almuradiel,744
13017,13,Anchuras,267
13018,13,Arenas de San Juan,1013
13019,13,Argamasilla de Alba,6777
13020,13,Argamasilla de Calatrava,5847
13021,13,Arroba de los Montes,388
13022,13,Ballesteros de Calatrava,363
13023,13,Bolaños de Calatrava,12153
13024,13,Brazatortas,1007
13025,13,Cabezarados,279
13026,13,Cabezarrubias del Puerto,483
13027,13,Calzada de Calatrava,3668
13028,13,Campo de Criptana,12868
13029,13,Cañada de Calatrava,99
13030,13,Caracuel de Calatrava,140
13031,13,Carrión de Calatrava,3239
13032,13,Carrizosa,1097
13033,13,Castellar de Santiago,1714
13034,13,Ciudad Real,76217
13035,13,Corral de Calatrava,1154
13036,13,"Cortijos, Los",848
13037,13,Cózar,903
13038,13,Chillón,1752
13039,13,Daimiel,17722
13040,13,Fernán Caballero,965
13041,13,Fontanarejo,223
13042,13,Fuencaliente,1007
13043,13,Fuenllana,189
13044,13,Fuente el Fresno,3011
13045,13,Granátula de Calatrava,683
13046,13,Guadalmez,709
13047,13,Herencia,8661
13048,13,Hinojosas de Calatrava,506
13049,13,Horcajo de los Montes,798
13050,13,"Labores, Las",550
13051,13,Luciana,350
13052,13,Malagón,7827
13053,13,Manzanares,17728
13054,13,Membrilla,5793
13055,13,Mestanza,634
13056,13,Miguelturra,15924
13057,13,Montiel,1167
13058,13,Moral de Calatrava,5184
13059,13,Navalpino,193
13060,13,Navas de Estena,269
13061,13,Pedro Muñoz,7585
13062,13,Picón,690
13063,13,Piedrabuena,4305
13064,13,Poblete,2998
13065,13,Porzuna,3529
13066,13,Pozuelo de Calatrava,4055
13067,13,"Pozuelos de Calatrava, Los",326
13068,13,Puebla de Don Rodrigo,1148
13069,13,Puebla del Príncipe,648
13070,13,Puerto Lápice,824
13071,13,Puertollano,45565
13072,13,Retuerta del Bullaque,854
13073,13,Saceruela,520
13074,13,San Carlos del Valle,1055
13075,13,San Lorenzo de Calatrava,189
13076,13,Santa Cruz de los Cáñamos,463
13077,13,Santa Cruz de Mudela,3881
13078,13,Socuéllamos,12172
13079,13,"Solana, La",15242
13080,13,Solana del Pino,333
13081,13,Terrinches,574
13082,13,Tomelloso,37060
13083,13,Torralba de Calatrava,3068
13084,13,Torre de Juan Abad,928
13085,13,Torrenueva,2645
13086,13,Valdemanco del Esteras,157
13087,13,Valdepeñas,30782
13088,13,Valenzuela de Calatrava,638
13089,13,Villahermosa,1712
13090,13,Villamanrique,1050
13091,13,Villamayor de Calatrava,611
13092,13,Villanueva de la Fuente,1831
13093,13,Villanueva de los Infantes,4733
13094,13,Villanueva de San Carlos,261
13095,13,Villar del Pozo,45
13096,13,Villarrubia de los Ojos,9512
13097,13,Villarta de San Juan,2681
13098,13,Viso del Marqués,2091
13901,13,"Robledo, El",1078
13902,13,Ruidera,529
13903,13,Arenales de San Gregorio,626
13904,13,Llanos del Caudillo,651
14001,14,Adamuz,4100
14002,14,Aguilar de la Frontera,13130
14003,14,Alcaracejos,1512
14004,14,Almedinilla,2302
14005,14,Almodóvar del Río,8040
14006,14,Añora,1487
14007,14,Baena,18386
14008,14,Belalcázar,3093
14009,14,Belmez,2833
14010,14,Benamejí,4895
14011,14,"Blázquez, Los",619
14012,14,Bujalance,7065
14013,14,Cabra,19995
14014,14,Cañete de las Torres,2766
14015,14,Carcabuey,2302
14016,14,Cardeña,1387
14017,14,"Carlota, La",14503
14018,14,"Carpio, El",4327
14019,14,Castro del Río,7597
14020,14,Conquista,367
14021,14,Córdoba,323262
14022,14,Doña Mencía,4465
14023,14,Dos Torres,2340
14024,14,Encinas Reales,2208
14025,14,Espejo,3175
14026,14,Espiel,2326
14027,14,Fernán-Núñez,9670
14028,14,Fuente la Lancha,330
14029,14,Fuente Obejuna,4309
14030,14,Fuente Palmera,9883
14031,14,Fuente-Tójar,666
14032,14,"Granjuela, La",412
14033,14,Guadalcázar,1589
14034,14,"Guijo, El",342
14035,14,Hinojosa del Duque,6534
14036,14,Hornachuelos,4383
14037,14,Iznájar,3676
14038,14,Lucena,43408
14039,14,Luque,2796
14040,14,Montalbán de Córdoba,4401
14041,14,Montemayor,3859
14042,14,Montilla,22305
14043,14,Montoro,9004
14044,14,Monturque,1929
14045,14,Moriles,3667
14046,14,Nueva Carteya,5235
14047,14,Obejo,2101
14048,14,Palenciana,1431
14049,14,Palma del Río,20438
14050,14,Pedro Abad,2794
14051,14,Pedroche,1441
14052,14,Peñarroya-Pueblonuevo,10244
14053,14,Posadas,7273
14054,14,Pozoblanco,16931
14055,14,Priego de Córdoba,21764
14056,14,Puente Genil,29963
14057,14,"Rambla, La",7412
14058,14,Rute,9824
14059,14,San Sebastián de los Ballesteros,865
14060,14,Santaella,4641
14061,14,Santa Eufemia,685
14062,14,Torrecampo,992
14063,14,Valenzuela,1030
14064,14,Valsequillo,351
14065,14,"Victoria, La",2320
14066,14,Villa del Río,6852
14067,14,Villafranca de Córdoba,4895
14068,14,Villaharta,630
14069,14,Villanueva de Córdoba,8328
14070,14,Villanueva del Duque,1409
14071,14,Villanueva del Rey,1031
14072,14,Villaralto,1059
14073,14,Villaviciosa de Córdoba,3043
14074,14,"Viso, El",2499
14075,14,Zuheros,596
14901,14,Fuente Carreteros,1073
14902,14,"Guijarrosa, La",1358
15001,15,Abegondo,5631
15002,15,Ames,33276
15003,15,Aranga,1793
15004,15,Ares,6275
15005,15,Arteixo,34403
15006,15,Arzúa,5916
15007,15,"Baña, A",3239
15008,15,Bergondo,7135
15009,15,Betanzos,13533
15010,15,Boimorto,1803
15011,15,Boiro,18967
15012,15,Boqueixón,4219
15013,15,Brión,8192
15014,15,Cabana de Bergantiños,4067
15015,15,Cabanas,3287
15016,15,Camariñas,5075
15017,15,Cambre,24765
15018,15,"Capela, A",1165
15019,15,Carballo,32120
15020,15,Carnota,3780
15021,15,Carral,6840
15022,15,Cedeira,6547
15023,15,Cee,7731
15024,15,Cerceda,5116
15025,15,Cerdido,1006
15027,15,Coirós,1945
15028,15,Corcubión,1659
15029,15,Coristanco,5710
15030,15,"Coruña, A",251543
15031,15,Culleredo,31254
15032,15,Curtis,4242
15033,15,Dodro,2589
15034,15,Dumbría,2716
15035,15,Fene,12467
15036,15,Ferrol,64367
15037,15,Fisterra,4666
15038,15,Frades,2117
15039,15,Irixoa,1343
15040,15,Laxe,2883
15041,15,"Laracha, A",11781
15042,15,Lousame,3056
15043,15,Malpica de Bergantiños,5232
15044,15,Mañón,1218
15045,15,Mazaricos,3721
15046,15,Melide,7817
15047,15,Mesía,2367
15048,15,Miño,7108
15049,15,Moeche,1194
15050,15,Monfero,1816
15051,15,Mugardos,5203
15052,15,Muxía,4326
15053,15,Muros,8173
15054,15,Narón,39953
15055,15,Neda,4925
15056,15,Negreira,6969
15057,15,Noia,14123
15058,15,Oleiros,38793
15059,15,Ordes,12990
15060,15,Oroso,7776
15061,15,Ortigueira,5384
15062,15,Outes,5998
15064,15,Paderne,2450
15065,15,Padrón,8334
15066,15,"Pino, O",4589
15067,15,"Pobra do Caramiñal, A",9126
15068,15,Ponteceso,5268
15069,15,Pontedeume,7431
15070,15,"Pontes de García Rodríguez, As",9796
15071,15,Porto do Son,9060
15072,15,Rianxo,10758
15073,15,Ribeira,27102
15074,15,Rois,4358
15075,15,Sada,17421
15076,15,San Sadurniño,2738
15077,15,Santa Comba,9442
15078,15,Santiago de Compostela,100965
15079,15,Santiso,1430
15080,15,Sobrado,1830
15081,15,"Somozas, As",1042
15082,15,Teo,18968
15083,15,Toques,1056
15084,15,Tordoia,3152
15085,15,Touro,3342
15086,15,Trazo,2986
15087,15,Valdoviño,6818
15088,15,Val do Dubra,3680
15089,15,Vedra,4903
15090,15,Vilasantar,1233
15091,15,Vilarmaior,1242
15092,15,Vimianzo,6768
15093,15,Zas,4199
15901,15,Cariño,3661
15902,15,Oza-Cesuras,5159
16001,16,Abia de la Obispalía,68
16002,16,"Acebrón, El",234
16003,16,Alarcón,173
16004,16,Albaladejo del Cuende,196
16005,16,Albalate de las Nogueras,261
16006,16,Albendea,132
16007,16,"Alberca de Záncara, La",1504
16008,16,Alcalá de la Vega,80
16009,16,Alcantud,59
16010,16,Alcázar del Rey,171
16011,16,Alcohujate,25
16012,16,Alconchel de la Estrella,75
16013,16,Algarra,25
16014,16,Aliaguilla,594
16015,16,"Almarcha, La",469
16016,16,Almendros,240
16017,16,Almodóvar del Pinar,401
16018,16,Almonacid del Marquesado,412
16019,16,Altarejos,193
16020,16,Arandilla del Arroyo,14
16022,16,Arcos de la Sierra,77
16023,16,Chillarón de Cuenca,907
16024,16,Arguisuelas,127
16025,16,Arrancacepas,14
16026,16,Atalaya del Cañavate,91
16027,16,Barajas de Melo,1011
16029,16,Barchín del Hoyo,104
16030,16,Bascuñana de San Pedro,23
16031,16,Beamud,45
16032,16,Belinchón,453
16033,16,Belmonte,1751
16034,16,Belmontejo,122
16035,16,Beteta,253
16036,16,Boniches,135
16038,16,Buciegas,36
16039,16,Buenache de Alarcón,447
16040,16,Buenache de la Sierra,112
16041,16,Buendía,422
16042,16,Campillo de Altobuey,1312
16043,16,Campillos-Paravientos,112
16044,16,Campillos-Sierra,28
16045,16,Canalejas del Arroyo,153
16046,16,Cañada del Hoyo,221
16047,16,Cañada Juncosa,213
16048,16,Cañamares,457
16049,16,"Cañavate, El",125
16050,16,Cañaveras,230
16051,16,Cañaveruelas,110
16052,16,Cañete,877
16053,16,Cañizares,441
16055,16,Carboneras de Guadazaón,797
16056,16,Cardenete,479
16057,16,Carrascosa,69
16058,16,Carrascosa de Haro,87
16060,16,Casas de Benítez,872
16061,16,Casas de Fernando Alonso,1041
16062,16,Casas de Garcimolina,30
16063,16,Casas de Guijarro,105
16064,16,Casas de Haro,812
16065,16,Casas de los Pinos,374
16066,16,Casasimarro,3177
16067,16,Castejón,120
16068,16,Castillejo de Iniesta,94
16070,16,Castillejo-Sierra,31
16071,16,Castillo-Albaráñez,17
16072,16,Castillo de Garcimuñoz,129
16073,16,Cervera del Llano,220
16074,16,"Cierva, La",39
16078,16,Cuenca,53600
16079,16,Cueva del Hierro,27
16081,16,Chumillas,49
16082,16,Enguídanos,274
16083,16,Fresneda de Altarejos,35
16084,16,Fresneda de la Sierra,42
16085,16,"Frontera, La",155
16086,16,Fuente de Pedro Naharro,1290
16087,16,Fuentelespino de Haro,230
16088,16,Fuentelespino de Moya,101
16089,16,Fuentes,462
16091,16,Fuertescusa,65
16092,16,Gabaldón,146
16093,16,Garaballa,58
16094,16,Gascueña,132
16095,16,Graja de Campalbo,85
16096,16,Graja de Iniesta,343
16097,16,Henarejos,134
16098,16,"Herrumblar, El",800
16099,16,"Hinojosa, La",184
16100,16,"Hinojosos, Los",702
16101,16,"Hito, El",118
16102,16,Honrubia,1529
16103,16,Hontanaya,255
16104,16,Hontecillas,54
16106,16,Horcajo de Santiago,3894
16107,16,Huélamo,68
16108,16,Huelves,105
16109,16,Huérguina,41
16110,16,Huerta de la Obispalía,126
16111,16,Huerta del Marquesado,155
16112,16,Huete,1814
16113,16,Iniesta,4567
16115,16,Laguna del Marquesado,54
16116,16,Lagunaseca,50
16117,16,Landete,1175
16118,16,Ledaña,1552
16119,16,Leganiel,223
16121,16,"Majadas, Las",214
16122,16,Mariana,332
16123,16,Masegosa,58
16124,16,"Mesas, Las",2234
16125,16,Minglanilla,2388
16126,16,Mira,917
16128,16,Monreal del Llano,44
16129,16,Montalbanejo,82
16130,16,Montalbo,703
16131,16,Monteagudo de las Salinas,126
16132,16,Mota de Altarejos,25
16133,16,Mota del Cuervo,6089
16134,16,Motilla del Palancar,6432
16135,16,Moya,133
16137,16,Narboneta,42
16139,16,Olivares de Júcar,290
16140,16,Olmeda de la Cuesta,16
16141,16,Olmeda del Rey,129
16142,16,Olmedilla de Alarcón,128
16143,16,Olmedilla de Eliz,20
16145,16,Osa de la Vega,450
16146,16,Pajarón,71
16147,16,Pajaroncillo,59
16148,16,Palomares del Campo,556
16149,16,Palomera,187
16150,16,Paracuellos,105
16151,16,Paredes,61
16152,16,"Parra de las Vegas, La",36
16153,16,"Pedernoso, El",1113
16154,16,"Pedroñeras, Las",6416
16155,16,"Peral, El",660
16156,16,"Peraleja, La",77
16157,16,"Pesquera, La",228
16158,16,"Picazo, El",693
16159,16,Pinarejo,172
16160,16,Pineda de Gigüela,58
16161,16,Piqueras del Castillo,36
16162,16,Portalrubio de Guadamejud,35
16163,16,Portilla,58
16165,16,Poyatos,70
16166,16,Pozoamargo,255
16167,16,Pozorrubio de Santiago,307
16169,16,"Pozuelo, El",47
16170,16,Priego,912
16171,16,"Provencio, El",2327
16172,16,Puebla de Almenara,294
16173,16,"Valle de Altomira, El",191
16174,16,Puebla del Salvador,190
16175,16,Quintanar del Rey,7508
16176,16,Rada de Haro,49
16177,16,Reíllo,106
16181,16,Rozalén del Monte,48
16185,16,Saceda-Trasierra,33
16186,16,Saelices,475
16187,16,Salinas del Manzano,86
16188,16,Salmeroncillos,106
16189,16,Salvacañete,300
16190,16,San Clemente,6797
16191,16,San Lorenzo de la Parrilla,1119
16192,16,San Martín de Boniches,43
16193,16,San Pedro Palmiches,54
16194,16,Santa Cruz de Moya,233
16195,16,Santa María del Campo Rus,527
16196,16,Santa María de los Llanos,660
16197,16,Santa María del Val,55
16198,16,Sisante,1640
16199,16,Solera de Gabaldón,32
16202,16,Talayuelas,873
16203,16,Tarancón,16748
16204,16,Tébar,300
16205,16,Tejadillos,102
16206,16,Tinajas,184
16209,16,Torralba,107
16211,16,Torrejoncillo del Rey,341
16212,16,Torrubia del Campo,312
16213,16,Torrubia del Castillo,42
16215,16,Tragacete,263
16216,16,Tresjuncos,258
16217,16,Tribaldos,101
16218,16,Uclés,230
16219,16,Uña,90
16224,16,Valdemeca,83
16225,16,Valdemorillo de la Sierra,49
16227,16,Valdemoro-Sierra,96
16228,16,Valdeolivas,206
16231,16,Valhermoso de la Fuente,61
16234,16,Valsalobre,17
16236,16,Valverde de Júcar,1118
16237,16,Valverdejo,86
16238,16,Vara de Rey,466
16239,16,Vega del Codorno,141
16240,16,Vellisca,128
16242,16,Villaconejos de Trabaque,325
16243,16,Villaescusa de Haro,480
16244,16,Villagarcía del Llano,763
16245,16,Villalba de la Sierra,569
16246,16,Villalba del Rey,468
16247,16,Villalgordo del Marquesado,59
16248,16,Villalpardo,979
16249,16,Villamayor de Santiago,2336
16250,16,Villanueva de Guadamejud,59
16251,16,Villanueva de la Jara,2396
16253,16,Villar de Cañas,389
16254,16,Villar de Domingo García,217
16255,16,Villar de la Encina,146
16258,16,Villar del Humo,182
16259,16,Villar del Infantado,34
16263,16,Villar de Olalla,1575
16264,16,Villarejo de Fuentes,387
16265,16,Villarejo de la Peñuela,16
16266,16,Villarejo-Periesteban,375
16269,16,Villares del Saz,499
16270,16,Villarrubio,211
16271,16,Villarta,853
16272,16,Villas de la Ventosa,225
16273,16,Villaverde y Pasaconsol,318
16274,16,Víllora,120
16275,16,Vindel,19
16276,16,Yémeda,18
16277,16,Zafra de Záncara,92
16278,16,Zafrilla,59
16279,16,Zarza de Tajo,320
16280,16,Zarzuela,174
16901,16,Campos del Paraíso,646
16902,16,Valdetórtola,115
16903,16,"Valeras, Las",1528
16904,16,Fuentenava de Jábaga,634
16905,16,Arcas,2332
16906,16,"Valdecolmenas, Los",69
16908,16,Pozorrubielos de la Mancha,166
16909,16,Sotorribas,711
16910,16,Villar y Velasco,91
17001,17,Agullana,880
17002,17,Aiguaviva,804
17003,17,Albanyà,157
17004,17,Albons,845
17005,17,"Far d'Empordà, El",628
17006,17,Alp,1724
17007,17,Amer,2422
17008,17,Anglès,5944
17009,17,Arbúcies,6665
17010,17,Argelaguer,468
17011,17,"Armentera, L'",1080
17012,17,Avinyonet de Puigventós,1671
17013,17,Begur,4291
17014,17,"Vajol, La",112
17015,17,Banyoles,20865
17016,17,Bàscara,1049
17018,17,Bellcaire d'Empordà,723
17019,17,Besalú,2592
17020,17,Bescanó,5088
17021,17,Beuda,203
17022,17,"Bisbal d'Empordà, La",11757
17023,17,Blanes,42699
17024,17,Bolvir,493
17025,17,Bordils,1841
17026,17,Borrassà,804
17027,17,Breda,3969
17028,17,Brunyola i Sant Martí Sapresa,401
17029,17,Boadella i les Escaules,262
17030,17,Cabanes,995
17031,17,Cabanelles,286
17032,17,Cadaqués,2918
17033,17,Caldes de Malavella,8673
17034,17,Calonge i Sant Antoni,12335
17035,17,Camós,701
17036,17,Campdevànol,3241
17037,17,Campelles,163
17038,17,Campllong,534
17039,17,Camprodon,2570
17040,17,Canet d'Adri,744
17041,17,Cantallops,366
17042,17,Capmany,680
17043,17,Queralbs,202
17044,17,Cassà de la Selva,11131
17046,17,Castellfollit de la Roca,966
17047,17,Castelló d'Empúries,12201
17048,17,"Castell d'Aro, Platja d'Aro i s'Agaró",12982
17049,17,Celrà,5621
17050,17,Cervià de Ter,1029
17051,17,Cistella,283
17052,17,Siurana,188
17054,17,Colera,494
17055,17,Colomers,208
17056,17,Cornellà del Terri,2414
17057,17,Corçà,1283
17058,17,Crespià,254
17060,17,Darnius,563
17061,17,Das,261
17062,17,"Escala, L'",10374
17063,17,Espinelves,261
17064,17,Espolla,398
17065,17,Esponellà,446
17066,17,Figueres,49689
17067,17,Flaçà,1175
17068,17,Foixà,298
17069,17,Fontanals de Cerdanya,516
17070,17,Fontanilles,171
17071,17,Fontcoberta,1483
17073,17,Fornells de la Selva,2818
17074,17,Fortià,793
17075,17,Garrigàs,480
17076,17,Garrigoles,182
17077,17,Garriguella,989
17078,17,Ger,501
17079,17,Girona,108666
17080,17,Gombrèn,206
17081,17,Gualta,438
17082,17,Guils de Cerdanya,557
17083,17,Hostalric,4493
17084,17,Isòvol,314
17085,17,Jafre,386
17086,17,"Jonquera, La",3420
17087,17,Juià,319
17088,17,Lladó,822
17089,17,Llagostera,9585
17090,17,Llambilles,737
17091,17,Llanars,516
17092,17,Llançà,4892
17093,17,Llers,1269
17094,17,Llívia,1562
17095,17,Lloret de Mar,43000
17096,17,"Llosses, Les",197
17097,17,Madremanya,280
17098,17,Maià de Montcal,498
17099,17,Meranges,111
17100,17,Masarac i Vilarnadal,287
17101,17,Massanes,882
17102,17,Maçanet de Cabrenys,761
17103,17,Maçanet de la Selva,8071
17105,17,Mieres,369
17106,17,Mollet de Peralada,202
17107,17,Molló,351
17109,17,Montagut i Oix,1011
17110,17,Mont-ras,1690
17111,17,Navata,1507
17112,17,Ogassa,222
17114,17,Olot,39519
17115,17,Ordis,409
17116,17,Osor,430
17117,17,Palafrugell,24543
17118,17,Palamós,18933
17119,17,Palau de Santa Eulàlia,124
17120,17,Palau-saverdera,1535
17121,17,Palau-sator,311
17123,17,Palol de Revardit,459
17124,17,Pals,2534
17125,17,Pardines,168
17126,17,Parlavà,432
17128,17,Pau,560
17129,17,Pedret i Marzà,208
17130,17,"Pera, La",447
17132,17,Peralada,2077
17133,17,"Planes d'Hostoles, Les",1746
17134,17,Planoles,313
17135,17,Pont de Molins,585
17136,17,Pontós,296
17137,17,Porqueres,4811
17138,17,Portbou,1131
17139,17,"Preses, Les",1948
17140,17,"Port de la Selva, El",1053
17141,17,Puigcerdà,10035
17142,17,Quart,4165
17143,17,Rabós,232
17144,17,Regencós,275
17145,17,Ribes de Freser,1841
17146,17,Riells i Viabrea,4635
17147,17,Ripoll,10665
17148,17,Riudarenes,2532
17149,17,Riudaura,526
17150,17,Riudellots de la Selva,2125
17151,17,Riumors,253
17152,17,Roses,20365
17153,17,Rupià,325
17154,17,Sales de Llierca,164
17155,17,Salt,34491
17157,17,Sant Andreu Salou,161
17158,17,Sant Climent Sescebes,690
17159,17,Sant Feliu de Buixalleu,882
17160,17,Sant Feliu de Guíxols,23141
17161,17,Sant Feliu de Pallerols,1700
17162,17,Sant Ferriol,245
17163,17,Sant Gregori,4191
17164,17,Sant Hilari Sacalm,6069
17165,17,Sant Jaume de Llierca,863
17166,17,Sant Jordi Desvalls,880
17167,17,Sant Joan de les Abadesses,3404
17168,17,Sant Joan de Mollet,536
17169,17,Sant Julià de Ramis,3715
17170,17,Vallfogona de Ripollès,225
17171,17,Sant Llorenç de la Muga,247
17172,17,Sant Martí de Llémena,726
17173,17,Sant Martí Vell,271
17174,17,Sant Miquel de Campmajor,258
17175,17,Sant Miquel de Fluvià,860
17176,17,Sant Mori,163
17177,17,Sant Pau de Segúries,719
17178,17,Sant Pere Pescador,2290
17180,17,Santa Coloma de Farners,13993
17181,17,Santa Cristina d'Aro,5987
17182,17,Santa Llogaia d'Àlguema,396
17183,17,Sant Aniol de Finestres,382
17184,17,Santa Pau,1579
17185,17,Sant Joan les Fonts,3167
17186,17,Sarrià de Ter,5406
17187,17,"Saus, Camallera i Llampaies",897
17188,17,"Selva de Mar, La",223
17189,17,"Cellera de Ter, La",2027
17190,17,Serinyà,1228
17191,17,Serra de Daró,240
17192,17,Setcases,195
17193,17,Sils,6920
17194,17,Susqueda,103
17195,17,"Tallada d'Empordà, La",490
17196,17,Terrades,337
17197,17,Torrent,182
17198,17,Torroella de Fluvià,778
17199,17,Torroella de Montgrí,12570
17200,17,Tortellà,849
17201,17,Toses,198
17202,17,Tossa de Mar,6347
17203,17,Ultramort,218
17204,17,Ullà,1258
17205,17,Ullastret,249
17206,17,Urús,201
17207,17,"Vall d'en Bas, La",3269
17208,17,"Vall de Bianya, La",1347
17209,17,Vall-llobrega,891
17210,17,Ventalló,914
17211,17,Verges,1167
17212,17,Vidrà,167
17213,17,Vidreres,8862
17214,17,Vilabertran,961
17215,17,Vilablareix,4077
17216,17,Viladasens,206
17217,17,Viladamat,500
17218,17,Vilademuls,898
17220,17,Viladrau,1184
17221,17,Vilafant,5663
17222,17,Vilaür,164
17223,17,Vilajuïga,1177
17224,17,Vilallonga de Ter,395
17225,17,Vilamacolum,406
17226,17,Vilamalla,1205
17227,17,Vilamaniscle,185
17228,17,Vilanant,406
17230,17,Vila-sacra,878
17232,17,Vilopriu,209
17233,17,Vilobí d'Onyar,3297
17234,17,Biure,226
17901,17,"Cruïlles, Monells i Sant Sadurní de l'Heura",1350
17902,17,Forallac,1790
17903,17,Sant Julià del Llor i Bonmatí,1457
18001,18,Agrón,247
18002,18,Alamedilla,518
18003,18,Albolote,19768
18004,18,Albondón,703
18005,18,Albuñán,422
18006,18,Albuñol,7388
18007,18,Albuñuelas,794
18010,18,Aldeire,597
18011,18,Alfacar,5834
18012,18,Algarinejo,2335
18013,18,Alhama de Granada,5544
18014,18,Alhendín,10475
18015,18,Alicún de Ortega,461
18016,18,Almegíjar,327
18017,18,Almuñécar,27544
18018,18,Alquife,543
18020,18,Arenas del Rey,608
18021,18,Armilla,25300
18022,18,Atarfe,20914
18023,18,Baza,20587
18024,18,Beas de Granada,1007
18025,18,Beas de Guadix,318
18027,18,Benalúa,3381
18028,18,Benalúa de las Villas,1028
18029,18,Benamaurel,2235
18030,18,Bérchules,688
18032,18,Bubión,305
18033,18,Busquístar,313
18034,18,Cacín,549
18035,18,Cádiar,1491
18036,18,Cájar,5511
18037,18,Calicasas,687
18038,18,Campotéjar,1218
18039,18,Caniles,3929
18040,18,Cáñar,424
18042,18,Capileira,590
18043,18,Carataunas,207
18044,18,Cástaras,178
18045,18,Castilléjar,1284
18046,18,Castril,1927
18047,18,Cenes de la Vega,8254
18048,18,Cijuela,3827
18049,18,Cogollos de Guadix,614
18050,18,Cogollos de la Vega,2119
18051,18,Colomera,1278
18053,18,Cortes de Baza,1769
18054,18,Cortes y Graena,949
18056,18,Cúllar,3978
18057,18,Cúllar Vega,7947
18059,18,Chauchina,5817
18061,18,Chimeneas,1265
18062,18,Churriana de la Vega,16878
18063,18,Darro,1700
18064,18,Dehesas de Guadix,382
18065,18,Dehesas Viejas,635
18066,18,Deifontes,2612
18067,18,Diezma,829
18068,18,Dílar,2384
18069,18,Dólar,600
18070,18,Dúdar,382
18071,18,Dúrcal,7234
18072,18,Escúzar,826
18074,18,Ferreira,297
18076,18,Fonelas,965
18077,18,Fornes,526
18078,18,Freila,960
18079,18,Fuente Vaqueros,4743
18082,18,Galera,1139
18083,18,Gobernador,231
18084,18,Gójar,6371
18085,18,Gor,766
18086,18,Gorafe,368
18087,18,Granada,233975
18088,18,Guadahortuna,1829
18089,18,Guadix,18881
18093,18,Gualchos,5284
18094,18,Güéjar Sierra,2915
18095,18,Güevéjar,2723
18096,18,Huélago,343
18097,18,Huéneja,1180
18098,18,Huéscar,7241
18099,18,Huétor de Santillán,1964
18100,18,Huétor Tájar,10749
18101,18,Huétor Vega,12285
18102,18,Íllora,9923
18103,18,Ítrabo,1022
18105,18,Iznalloz,5179
18106,18,Játar,631
18107,18,Jayena,979
18108,18,Jérez del Marquesado,955
18109,18,Jete,990
18111,18,Jun,4103
18112,18,Juviles,140
18114,18,"Calahorra, La",680
18115,18,Láchar,3892
18116,18,Lanjarón,3708
18117,18,Lanteira,533
18119,18,Lecrín,2244
18120,18,Lentegí,368
18121,18,Lobras,139
18122,18,Loja,20951
18123,18,Lugros,306
18124,18,Lújar,491
18126,18,"Malahá, La",1928
18127,18,Maracena,22294
18128,18,Marchal,437
18132,18,Moclín,3503
18133,18,Molvízar,2689
18134,18,Monachil,8664
18135,18,Montefrío,5283
18136,18,Montejícar,1989
18137,18,Montillana,1054
18138,18,Moraleda de Zafayona,3214
18140,18,Motril,59862
18141,18,Murtas,431
18143,18,Nigüelas,1229
18144,18,Nívar,1093
18145,18,Ogíjares,15239
18146,18,Orce,1116
18147,18,Órgiva,5728
18148,18,Otívar,1011
18149,18,Villa de Otura,7696
18150,18,Padul,9667
18151,18,Pampaneira,312
18152,18,Pedro Martínez,1166
18153,18,Peligros,11725
18154,18,"Peza, La",1104
18157,18,Pinos Genil,1642
18158,18,Pinos Puente,9807
18159,18,Píñar,1040
18161,18,Polícar,252
18162,18,Polopos,1682
18163,18,Pórtugos,372
18164,18,Puebla de Don Fadrique,2195
18165,18,Pulianas,5659
18167,18,Purullena,2409
18168,18,Quéntar,952
18170,18,Rubite,419
18171,18,Salar,2582
18173,18,Salobreña,12760
18174,18,Santa Cruz del Comercio,523
18175,18,Santa Fe,15494
18176,18,Soportújar,260
18177,18,Sorvilán,521
18178,18,Torre-Cardela,700
18179,18,Torvizcón,608
18180,18,Trevélez,698
18181,18,Turón,203
18182,18,Ugíjar,2574
18183,18,Válor,658
18184,18,Vélez de Benaudalla,3108
18185,18,Ventas de Huelma,667
18187,18,Villanueva de las Torres,491
18188,18,Villanueva Mesía,1965
18189,18,Víznar,1006
18192,18,Zafarraya,2244
18193,18,"Zubia, La",20389
18194,18,Zújar,2655
18901,18,"Taha, La",777
18902,18,"Valle, El",941
18903,18,Nevada,1086
18904,18,Alpujarra de la Sierra,933
18905,18,"Gabias, Las",23584
18906,18,"Guájares, Los",1081
18907,18,Valle del Zalabí,2128
18908,18,Villamena,1029
18909,18,Morelábor,588
18910,18,"Pinar, El",867
18911,18,Vegas del Genil,12424
18912,18,Cuevas del Campo,1841
18913,18,Zagra,845
18914,18,Valderrubio,2069
18915,18,Domingo Pérez de Granada,822
18916,18,Torrenueva Costa,3207
19001,19,Abánades,64
19002,19,Ablanque,70
19003,19,Adobes,28
19004,19,Alaminos,54
19005,19,Alarilla,144
19006,19,Albalate de Zorita,1148
19007,19,Albares,610
19008,19,Albendiego,50
19009,19,Alcocer,319
19010,19,Alcolea de las Peñas,7
19011,19,Alcolea del Pinar,357
19013,19,Alcoroches,117
19015,19,Aldeanueva de Guadalajara,107
19016,19,Algar de Mesa,44
19017,19,Algora,89
19018,19,Alhóndiga,185
19019,19,Alique,15
19020,19,Almadrones,67
19021,19,Almoguera,1379
19022,19,Almonacid de Zorita,667
19023,19,Alocén,151
19024,19,Alovera,14526
19027,19,Alustante,152
19031,19,Angón,8
19032,19,Anguita,150
19033,19,Anquela del Ducado,46
19034,19,Anquela del Pedregal,28
19036,19,Aranzueque,411
19037,19,Arbancón,157
19038,19,Arbeteta,16
19039,19,Argecilla,74
19040,19,Armallones,52
19041,19,Armuña de Tajuña,280
19042,19,Arroyo de las Fraguas,32
19043,19,Atanzón,83
19044,19,Atienza,406
19045,19,Auñón,156
19046,19,Azuqueca de Henares,35924
19047,19,Baides,46
19048,19,Baños de Tajo,13
19049,19,Bañuelos,10
19050,19,Barriopedro,26
19051,19,Berninches,51
19052,19,"Bodera, La",19
19053,19,Brihuega,2826
19054,19,Budia,226
19055,19,Bujalaro,59
19057,19,Bustares,62
19058,19,Cabanillas del Campo,11572
19059,19,Campillo de Dueñas,71
19060,19,Campillo de Ranas,150
19061,19,Campisábalos,72
19064,19,Canredondo,81
19065,19,Cantalojas,121
19066,19,Cañizar,78
19067,19,"Cardoso de la Sierra, El",49
19070,19,Casa de Uceda,128
19071,19,"Casar, El",13962
19073,19,Casas de San Galindo,24
19074,19,Caspueñas,120
19075,19,Castejón de Henares,62
19076,19,Castellar de la Muela,22
19078,19,Castilforte,57
19079,19,Castilnuevo,8
19080,19,Cendejas de Enmedio,68
19081,19,Cendejas de la Torre,23
19082,19,Centenera,158
19086,19,Cifuentes,1731
19087,19,Cincovillas,20
19088,19,Ciruelas,136
19089,19,Ciruelos del Pinar,23
19090,19,Cobeta,100
19091,19,Cogollor,19
19092,19,Cogolludo,574
19095,19,Condemios de Abajo,14
19096,19,Condemios de Arriba,101
19097,19,Congostrina,18
19098,19,Copernal,44
19099,19,Corduente,297
19102,19,"Cubillo de Uceda, El",120
19103,19,Checa,268
19104,19,Chequilla,13
19105,19,Chiloeches,4117
19106,19,Chillarón del Rey,76
19107,19,Driebes,331
19108,19,Durón,108
19109,19,Embid,37
19110,19,Escamilla,65
19111,19,Escariche,186
19112,19,Escopete,80
19113,19,Espinosa de Henares,715
19114,19,Esplegares,30
19115,19,Establés,35
19116,19,Estriégana,13
19117,19,Fontanar,2630
19118,19,Fuembellida,13
19119,19,Fuencemillán,81
19120,19,Fuentelahiguera de Albatages,121
19121,19,Fuentelencina,324
19122,19,Fuentelsaz,82
19123,19,Fuentelviejo,61
19124,19,Fuentenovilla,621
19125,19,Gajanejos,51
19126,19,Galápagos,2802
19127,19,Galve de Sorbe,97
19129,19,Gascueña de Bornova,22
19130,19,Guadalajara,92834
19132,19,Henche,73
19133,19,Heras de Ayuso,248
19134,19,Herrería,13
19135,19,Hiendelaencina,107
19136,19,Hijes,24
19138,19,Hita,336
19139,19,Hombrados,44
19142,19,Hontoba,475
19143,19,Horche,3119
19145,19,Hortezuela de Océn,32
19146,19,"Huerce, La",52
19147,19,Huérmeces del Cerro,43
19148,19,Huertahernando,51
19150,19,Hueva,113
19151,19,Humanes,1841
19152,19,Illana,938
19153,19,Iniéstola,19
19154,19,"Inviernas, Las",60
19155,19,Irueste,93
19156,19,Jadraque,1522
19157,19,Jirueque,44
19159,19,Ledanca,98
19160,19,Loranca de Tajuña,1624
19161,19,Lupiana,344
19162,19,Luzaga,65
19163,19,Luzón,50
19165,19,Majaelrayo,60
19166,19,Málaga del Fresno,187
19167,19,Malaguilla,218
19168,19,Mandayona,285
19169,19,Mantiel,28
19170,19,Maranchón,225
19171,19,Marchamalo,8714
19172,19,Masegoso de Tajuña,84
19173,19,Matarrubia,99
19174,19,Matillas,111
19175,19,Mazarete,25
19176,19,Mazuecos,267
19177,19,Medranda,83
19178,19,Megina,25
19179,19,Membrillera,95
19181,19,Miedes de Atienza,60
19182,19,"Mierla, La",44
19183,19,Milmarcos,63
19184,19,Millana,126
19185,19,"Miñosa, La",31
19186,19,Mirabueno,86
19187,19,Miralrío,56
19188,19,Mochales,36
19189,19,Mohernando,190
19190,19,Molina de Aragón,3281
19191,19,Monasterio,13
19192,19,Mondéjar,2918
19193,19,Montarrón,31
19194,19,Moratilla de los Meleros,106
19195,19,Morenilla,53
19196,19,Muduex,104
19197,19,"Navas de Jadraque, Las",37
19198,19,Negredo,12
19199,19,Ocentejo,15
19200,19,"Olivar, El",68
19201,19,Olmeda de Cobeta,56
19202,19,"Olmeda de Jadraque, La",18
19203,19,"Ordial, El",45
19204,19,Orea,191
19208,19,Pálmaces de Jadraque,54
19209,19,Pardos,33
19210,19,Paredes de Sigüenza,21
19211,19,Pareja,493
19212,19,Pastrana,971
19213,19,"Pedregal, El",60
19214,19,Peñalén,72
19215,19,Peñalver,172
19216,19,Peralejos de las Truchas,148
19217,19,Peralveche,52
19218,19,Pinilla de Jadraque,47
19219,19,Pinilla de Molina,13
19220,19,Pioz,5261
19221,19,Piqueras,33
19222,19,"Pobo de Dueñas, El",102
19223,19,Poveda de la Sierra,99
19224,19,Pozo de Almoguera,110
19225,19,Pozo de Guadalajara,1739
19226,19,Prádena de Atienza,45
19227,19,Prados Redondos,45
19228,19,Puebla de Beleña,57
19229,19,Puebla de Valles,59
19230,19,Quer,1080
19231,19,Rebollosa de Jadraque,11
19232,19,"Recuenco, El",80
19233,19,Renera,100
19234,19,Retiendas,52
19235,19,Riba de Saelices,113
19237,19,Rillo de Gallo,37
19238,19,Riofrío del Llano,49
19239,19,Robledillo de Mohernando,200
19240,19,Robledo de Corpes,39
19241,19,Romanillos de Atienza,37
19242,19,Romanones,127
19243,19,Rueda de la Sierra,38
19244,19,Sacecorbo,90
19245,19,Sacedón,1623
19246,19,Saelices de la Sal,41
19247,19,Salmerón,147
19248,19,San Andrés del Congosto,63
19249,19,San Andrés del Rey,35
19250,19,Santiuste,15
19251,19,Saúca,47
19252,19,Sayatón,64
19254,19,Selas,33
19255,19,Setiles,78
19256,19,Sienes,38
19257,19,Sigüenza,4911
19258,19,Solanillos del Extremo,72
19259,19,Somolinos,26
19260,19,"Sotillo, El",28
19261,19,Sotodosos,30
19262,19,Tamajón,153
19263,19,Taragudo,45
19264,19,Taravilla,38
19265,19,Tartanedo,143
19266,19,Tendilla,353
19267,19,Terzaga,24
19268,19,Tierzo,32
19269,19,"Toba, La",70
19270,19,Tordelrábano,8
19271,19,Tordellego,38
19272,19,Tordesilos,78
19274,19,Torija,1877
19277,19,Torrecuadrada de Molina,20
19278,19,Torrecuadradilla,26
19279,19,Torre del Burgo,494
19280,19,Torrejón del Rey,6435
19281,19,Torremocha de Jadraque,23
19282,19,Torremocha del Campo,193
19283,19,Torremocha del Pinar,32
19284,19,Torremochuela,6
19285,19,Torrubia,28
19286,19,Tórtola de Henares,1439
19287,19,Tortuera,157
19288,19,Tortuero,19
19289,19,Traíd,18
19290,19,Trijueque,1737
19291,19,Trillo,1406
19293,19,Uceda,3400
19294,19,Ujados,20
19296,19,Utande,31
19297,19,Valdarachas,67
19298,19,Valdearenas,88
19299,19,Valdeavellano,101
19300,19,Valdeaveruelo,1317
19301,19,Valdeconcha,42
19302,19,Valdegrudas,49
19303,19,Valdelcubo,42
19304,19,Valdenuño Fernández,359
19305,19,Valdepeñas de la Sierra,151
19306,19,Valderrebollo,25
19307,19,Valdesotos,35
19308,19,Valfermoso de Tajuña,77
19309,19,Valhermoso,15
19310,19,Valtablado del Río,7
19311,19,Valverde de los Arroyos,85
19314,19,Viana de Jadraque,41
19317,19,Villanueva de Alcorón,140
19318,19,Villanueva de Argecilla,30
19319,19,Villanueva de la Torre,6666
19321,19,Villares de Jadraque,39
19322,19,Villaseca de Henares,22
19323,19,Villaseca de Uceda,59
19324,19,Villel de Mesa,163
19325,19,Viñuelas,181
19326,19,Yebes,5637
19327,19,Yebra,489
19329,19,Yélamos de Abajo,57
19330,19,Yélamos de Arriba,97
19331,19,Yunquera de Henares,4706
19332,19,"Yunta, La",86
19333,19,Zaorejas,117
19334,19,Zarzuela de Jadraque,49
19335,19,Zorita de los Canes,72
19901,19,Semillas,25
20001,20,Abaltzisketa,321
20002,20,Aduna,500
20003,20,Aizarnazabal,822
20004,20,Albiztur,328
20005,20,Alegia,1813
20006,20,Alkiza,352
20007,20,Altzo,447
20008,20,Amezketa,956
20009,20,Andoain,14517
20010,20,Anoeta,2112
20011,20,Antzuola,2045
20012,20,Arama,173
20013,20,Aretxabaleta,7178
20014,20,Asteasu,1566
20015,20,Ataun,1714
20016,20,Aia,2148
20017,20,Azkoitia,11774
20018,20,Azpeitia,15301
20019,20,Beasain,14048
20020,20,Beizama,128
20021,20,Belauntza,291
20022,20,Berastegi,1114
20023,20,Berrobi,551
20024,20,Bidania-Goiatz,530
20025,20,Zegama,1543
20026,20,Zerain,284
20027,20,Zestoa,3933
20028,20,Zizurkil,2976
20029,20,Deba,5362
20030,20,Eibar,27484
20031,20,Elduain,248
20032,20,Elgoibar,11705
20033,20,Elgeta,1133
20034,20,Eskoriatza,4215
20035,20,Ezkio-Itsaso,604
20036,20,Hondarribia,16788
20037,20,Gaintza,122
20038,20,Gabiria,519
20039,20,Getaria,2887
20040,20,Hernani,20375
20041,20,Hernialde,326
20042,20,Ibarra,4114
20043,20,Idiazabal,2217
20044,20,Ikaztegieta,498
20045,20,Irun,63835
20046,20,Irura,1885
20047,20,Itsasondo,687
20048,20,Larraul,263
20049,20,Lazkao,6087
20050,20,Leaburu,390
20051,20,Legazpi,8384
20052,20,Legorreta,1457
20053,20,Lezo,6184
20054,20,Lizartza,672
20055,20,Arrasate/Mondragón,22450
20056,20,Mutriku,5238
20057,20,Mutiloa,261
20058,20,Olaberria,938
20059,20,Oñati,11480
20060,20,Orexa,103
20061,20,Orio,6184
20062,20,Ormaiztegi,1293
20063,20,Oiartzun,10480
20064,20,Pasaia,15820
20065,20,Soraluze-Placencia de las Armas,3857
20066,20,Errezil,588
20067,20,Errenteria,39363
20068,20,Leintz-Gatzaga,205
20069,20,Donostia/San Sebastián,189866
20070,20,Segura,1496
20071,20,Tolosa,20070
20072,20,Urnieta,6327
20073,20,Usurbil,6488
20074,20,Bergara,14404
20075,20,Villabona,5900
20076,20,Ordizia,10815
20077,20,Urretxu,6730
20078,20,Zaldibia,1761
20079,20,Zarautz,23496
20080,20,Zumarraga,9678
20081,20,Zumaia,10160
20901,20,Mendaro,2028
20902,20,Lasarte-Oria,19435
20903,20,Astigarraga,7812
20904,20,Baliarrain,152
20905,20,Orendain,245
20906,20,Altzaga,165
20907,20,Gaztelu,171
21001,21,Alájar,793
21002,21,Aljaraque,22737
21003,21,"Almendro, El",862
21004,21,Almonaster la Real,1759
21005,21,Almonte,24864
21006,21,Alosno,3986
21007,21,Aracena,8425
21008,21,Aroche,2991
21009,21,Arroyomolinos de León,907
21010,21,Ayamonte,22001
21011,21,Beas,4414
21012,21,Berrocal,283
21013,21,Bollullos Par del Condado,14314
21014,21,Bonares,6125
21015,21,Cabezas Rubias,694
21016,21,Cala,1106
21017,21,Calañas,2749
21018,21,"Campillo, El",2003
21019,21,Campofrío,728
21020,21,Cañaveral de León,389
21021,21,Cartaya,21471
21022,21,Castaño del Robledo,217
21023,21,"Cerro de Andévalo, El",2246
21024,21,Corteconcepción,581
21025,21,Cortegana,4617
21026,21,Cortelazor,302
21027,21,Cumbres de Enmedio,54
21028,21,Cumbres de San Bartolomé,354
21029,21,Cumbres Mayores,1708
21030,21,Chucena,2306
21031,21,Encinasola,1232
21032,21,Escacena del Campo,2327
21033,21,Fuenteheridos,804
21034,21,Galaroza,1366
21035,21,Gibraleón,13261
21036,21,"Granada de Río-Tinto, La",235
21037,21,"Granado, El",480
21038,21,Higuera de la Sierra,1292
21039,21,Hinojales,314
21040,21,Hinojos,4097
21041,21,Huelva,143215
21042,21,Isla Cristina,21525
21043,21,Jabugo,2183
21044,21,Lepe,29677
21045,21,Linares de la Sierra,279
21046,21,Lucena del Puerto,3390
21047,21,Manzanilla,2214
21048,21,"Marines, Los",436
21049,21,Minas de Riotinto,3698
21050,21,Moguer,24083
21051,21,"Nava, La",271
21052,21,Nerva,5087
21053,21,Niebla,4268
21054,21,"Palma del Condado, La",10841
21055,21,Palos de la Frontera,12938
21056,21,Paterna del Campo,3382
21057,21,Paymogo,1132
21058,21,Puebla de Guzmán,3071
21059,21,Puerto Moral,276
21060,21,Punta Umbría,16281
21061,21,Rociana del Condado,8024
21062,21,Rosal de la Frontera,1676
21063,21,San Bartolomé de la Torre,4072
21064,21,San Juan del Puerto,9969
21065,21,Sanlúcar de Guadiana,418
21066,21,San Silvestre de Guzmán,649
21067,21,Santa Ana la Real,466
21068,21,Santa Bárbara de Casa,1144
21069,21,Santa Olalla del Cala,2039
21070,21,Trigueros,8159
21071,21,Valdelarco,239
21072,21,Valverde del Camino,12631
21073,21,Villablanca,2939
21074,21,Villalba del Alcor,3303
21075,21,Villanueva de las Cruces,379
21076,21,Villanueva de los Castillejos,2967
21077,21,Villarrasa,2103
21078,21,Zalamea la Real,2968
21079,21,Zufre,736
21902,21,"Zarza-Perrunal, La	",1181
22001,22,Abiego,259
22002,22,Abizanda,162
22003,22,Adahuesca,196
22004,22,Agüero,142
22006,22,Aisa,326
22007,22,Albalate de Cinca,1080
22008,22,Albalatillo,220
22009,22,Albelda,728
22011,22,Albero Alto,123
22012,22,Albero Bajo,109
22013,22,Alberuela de Tubo,270
22014,22,Alcalá de Gurrea,265
22015,22,Alcalá del Obispo,394
22016,22,Alcampell,650
22017,22,Alcolea de Cinca,1127
22018,22,Alcubierre,401
22019,22,Alerre,224
22020,22,Alfántega,125
22021,22,Almudévar,2462
22022,22,Almunia de San Juan,733
22023,22,Almuniente,448
22024,22,Alquézar,328
22025,22,Altorricón,1504
22027,22,Angüés,350
22028,22,Ansó,409
22029,22,Antillón,127
22032,22,Aragüés del Puerto,123
22035,22,Arén,309
22036,22,Argavieso,109
22037,22,Arguis,167
22039,22,Ayerbe,1050
22040,22,Azanuy-Alins,184
22041,22,Azara,167
22042,22,Azlor,155
22043,22,Baélls,89
22044,22,Bailo,265
22045,22,Baldellou,81
22046,22,Ballobar,862
22047,22,Banastás,335
22048,22,Barbastro,17807
22049,22,Barbués,97
22050,22,Barbuñales,93
22051,22,Bárcabo,116
22052,22,Belver de Cinca,1298
22053,22,Benabarre,1142
22054,22,Benasque,2359
22055,22,Berbegal,321
22057,22,Bielsa,479
22058,22,Bierge,243
22059,22,Biescas,1640
22060,22,Binaced,1694
22061,22,Binéfar,10235
22062,22,Bisaurri,177
22063,22,Biscarrués,188
22064,22,Blecua y Torres,175
22066,22,Boltaña,1089
22067,22,Bonansa,85
22068,22,Borau,77
22069,22,Broto,615
22072,22,Caldearenas,220
22074,22,Campo,491
22075,22,Camporrélls,153
22076,22,Canal de Berdún,322
22077,22,Candasnos,478
22078,22,Canfranc,633
22079,22,Capdesaso,190
22080,22,Capella,361
22081,22,Casbas de Huesca,287
22082,22,Castejón del Puente,359
22083,22,Castejón de Monegros,459
22084,22,Castejón de Sos,840
22085,22,Castelflorite,102
22086,22,Castiello de Jaca,280
22087,22,Castigaleu,80
22088,22,Castillazuelo,164
22089,22,Castillonroy,334
22090,22,Colungo,124
22094,22,Chalamera,120
22095,22,Chía,90
22096,22,Chimillas,407
22099,22,Esplús,676
22102,22,Estada,215
22103,22,Estadilla,810
22105,22,Estopiñán del Castillo,147
22106,22,Fago,24
22107,22,Fanlo,114
22109,22,Fiscal,358
22110,22,Fonz,886
22111,22,Foradada del Toscar,163
22112,22,Fraga,15576
22113,22,"Fueva, La",597
22114,22,Gistaín,114
22115,22,"Grado, El",383
22116,22,Grañén,1718
22117,22,Graus,3400
22119,22,Gurrea de Gállego,1430
22122,22,Hoz de Jaca,81
22124,22,Huerto,216
22125,22,Huesca,55454
22126,22,Ibieca,110
22127,22,Igriés,727
22128,22,Ilche,183
22129,22,Isábena,234
22130,22,Jaca,14024
22131,22,Jasa,90
22133,22,Labuerda,179
22135,22,Laluenga,198
22136,22,Lalueza,849
22137,22,Lanaja,1140
22139,22,Laperdiguera,87
22141,22,Lascellas-Ponzano,138
22142,22,Lascuarre,139
22143,22,Laspaúles,255
22144,22,Laspuña,277
22149,22,Loarre,358
22150,22,Loporzano,576
22151,22,Loscorrales,98
22155,22,Monesma y Cajigar,68
22156,22,Monflorite-Lascasas,475
22157,22,Montanuy,230
22158,22,Monzón,18525
22160,22,Naval,281
22162,22,Novales,154
22163,22,Nueno,568
22164,22,Olvena,63
22165,22,Ontiñena,502
22167,22,Osso de Cinca,644
22168,22,Palo,31
22170,22,Panticosa,910
22172,22,Peñalba,657
22173,22,"Peñas de Riglos, Las",263
22174,22,Peralta de Alcofea,576
22175,22,Peralta de Calasanz,206
22176,22,Peraltilla,212
22177,22,Perarrúa,116
22178,22,Pertusa,129
22181,22,Piracés,92
22182,22,Plan,272
22184,22,Poleñino,184
22186,22,Pozán de Vero,228
22187,22,"Puebla de Castro, La",430
22188,22,Puente de Montañana,87
22189,22,Puértolas,217
22190,22,"Pueyo de Araguás, El",180
22193,22,Pueyo de Santa Cruz,332
22195,22,Quicena,391
22197,22,Robres,524
22199,22,Sabiñánigo,9695
22200,22,Sahún,320
22201,22,Salas Altas,301
22202,22,Salas Bajas,184
22203,22,Salillas,94
22204,22,Sallent de Gállego,1505
22205,22,San Esteban de Litera,672
22206,22,Sangarrén,233
22207,22,San Juan de Plan,145
22208,22,Santa Cilia,244
22209,22,Santa Cruz de la Serós,193
22212,22,Santaliestra y San Quílez,78
22213,22,Sariñena,4113
22214,22,Secastilla,142
22215,22,Seira,149
22217,22,Sena,490
22218,22,Senés de Alcubierre,49
22220,22,Sesa,167
22221,22,Sesué,120
22222,22,Siétamo,697
22223,22,Sopeira,84
22225,22,Tamarite de Litera,3464
22226,22,Tardienta,952
22227,22,Tella-Sin,208
22228,22,Tierz,821
22229,22,Tolva,130
22230,22,Torla-Ordesa,342
22232,22,Torralba de Aragón,105
22233,22,Torre la Ribera,102
22234,22,Torrente de Cinca,1037
22235,22,Torres de Alcanadre,91
22236,22,Torres de Barbués,271
22239,22,Tramaced,108
22242,22,Valfarta,54
22243,22,Valle de Bardají,52
22244,22,Valle de Lierp,52
22245,22,Velilla de Cinca,505
22246,22,Beranuy,68
22247,22,Viacamp y Litera,40
22248,22,Vicién,149
22249,22,Villanova,171
22250,22,Villanúa,570
22251,22,Villanueva de Sigena,340
22252,22,Yebra de Basa,155
22253,22,Yésero,60
22254,22,Zaidín,1807
22901,22,Valle de Hecho,813
22902,22,Puente la Reina de Jaca,248
22903,22,San Miguel del Cinca,775
22904,22,"Sotonera, La",879
22905,22,Lupiñén-Ortilla,359
22906,22,Santa María de Dulcis,206
22907,22,Aínsa-Sobrarbe,2335
22908,22,Hoz y Costean,225
22909,22,Vencillón,402
23001,23,Albanchez de Mágina,903
23002,23,Alcalá la Real,21496
23003,23,Alcaudete,10129
23004,23,Aldeaquemada,446
23005,23,Andújar,35610
23006,23,Arjona,5330
23007,23,Arjonilla,3520
23008,23,Arquillos,1682
23009,23,Baeza,15575
23010,23,Bailén,17119
23011,23,Baños de la Encina,2542
23012,23,Beas de Segura,4983
23014,23,Begíjar,2908
23015,23,Bélmez de la Moraleda,1504
23016,23,Benatae,423
23017,23,Cabra del Santo Cristo,1639
23018,23,Cambil,2654
23019,23,Campillo de Arenas,1711
23020,23,Canena,1717
23021,23,Carboneros,624
23024,23,"Carolina, La",14677
23025,23,Castellar,3147
23026,23,Castillo de Locubín,3805
23027,23,Cazalilla,762
23028,23,Cazorla,6930
23029,23,Chiclana de Segura,859
23030,23,Chilluévar,1309
23031,23,Escañuela,902
23032,23,Espeluy,596
23033,23,Frailes,1565
23034,23,Fuensanta de Martos,3030
23035,23,Fuerte del Rey,1348
23037,23,Génave,548
23038,23,"Guardia de Jaén, La",5212
23039,23,Guarromán,2703
23040,23,Lahiguera,1560
23041,23,Higuera de Calatrava,590
23042,23,Hinojares,335
23043,23,Hornos,561
23044,23,Huelma,5485
23045,23,Huesa,2411
23046,23,Ibros,2773
23047,23,"Iruela, La",1819
23048,23,Iznatoraf,874
23049,23,Jabalquinto,1939
23050,23,Jaén,112235
23051,23,Jamilena,3319
23052,23,Jimena,1219
23053,23,Jódar,11285
23054,23,Larva,435
23055,23,Linares,55633
23056,23,Lopera,3502
23057,23,Lupión,801
23058,23,Mancha Real,11481
23059,23,Marmolejo,6412
23060,23,Martos,24462
23061,23,Mengíbar,10250
23062,23,Montizón,1574
23063,23,Navas de San Juan,4345
23064,23,Noalejo,1721
23065,23,Orcera,1715
23066,23,Peal de Becerro,5290
23067,23,Pegalajar,2830
23069,23,Porcuna,5936
23070,23,Pozo Alcón,4514
23071,23,Puente de Génave,2191
23072,23,"Puerta de Segura, La",2223
23073,23,Quesada,4901
23074,23,Rus,3386
23075,23,Sabiote,3742
23076,23,Santa Elena,863
23077,23,Santiago de Calatrava,660
23079,23,Santisteban del Puerto,4451
23080,23,Santo Tomé,2029
23081,23,Segura de la Sierra,1711
23082,23,Siles,2067
23084,23,Sorihuela del Guadalimar,1000
23085,23,Torreblascopedro,2382
23086,23,Torredelcampo,13888
23087,23,Torredonjimeno,13213
23088,23,Torreperogil,7107
23090,23,Torres,1328
23091,23,Torres de Albánchez,735
23092,23,Úbeda,33588
23093,23,Valdepeñas de Jaén,3469
23094,23,Vilches,4191
23095,23,Villacarrillo,10342
23096,23,Villanueva de la Reina,2941
23097,23,Villanueva del Arzobispo,7703
23098,23,Villardompardo,893
23099,23,"Villares, Los",6111
23101,23,Villarrodrigo,371
23901,23,Cárcheles,1291
23902,23,Bedmar y Garcíez,2567
23903,23,Villatorres,4259
23904,23,Santiago-Pontones,2629
23905,23,Arroyo del Ojanco,2158
24001,24,Acebedo,181
24002,24,Algadefe,312
24003,24,Alija del Infantado,554
24004,24,Almanza,570
24005,24,"Antigua, La",324
24006,24,Ardón,533
24007,24,Arganza,800
24008,24,Astorga,10305
24009,24,Balboa,269
24010,24,"Bañeza, La",10195
24011,24,Barjas,140
24012,24,"Barrios de Luna, Los",300
24014,24,Bembibre,8041
24015,24,Benavides,2321
24016,24,Benuza,457
24017,24,Bercianos del Páramo,513
24018,24,Bercianos del Real Camino,179
24019,24,Berlanga del Bierzo,311
24020,24,Boca de Huérgano,412
24021,24,Boñar,1732
24022,24,Borrenes,297
24023,24,Brazuelo,304
24024,24,"Burgo Ranero, El",697
24025,24,Burón,282
24026,24,Bustillo del Páramo,1057
24027,24,Cabañas Raras,1286
24028,24,Cabreros del Río,406
24029,24,Cabrillanes,687
24030,24,Cacabelos,4734
24031,24,Calzada del Coto,217
24032,24,Campazas,110
24033,24,Campo de Villavidel,209
24034,24,Camponaraya,4060
24036,24,Valle de Ancares,256
24037,24,Cármenes,356
24038,24,Carracedelo,3423
24039,24,Carrizo,2242
24040,24,Carrocera,437
24041,24,Carucedo,479
24042,24,Castilfalé,58
24043,24,Castrillo de Cabrera,100
24044,24,Castrillo de la Valduerna,136
24046,24,Castrocalbón,898
24047,24,Castrocontrigo,623
24049,24,Castropodame,1570
24050,24,Castrotierra de Valmadrigal,106
24051,24,Cea,373
24052,24,Cebanico,146
24053,24,Cebrones del Río,439
24054,24,Cimanes de la Vega,431
24055,24,Cimanes del Tejar,710
24056,24,Cistierna,2857
24057,24,Congosto,1418
24058,24,Corbillos de los Oteros,174
24059,24,Corullón,789
24060,24,Crémenes,497
24061,24,Cuadros,2075
24062,24,Cubillas de los Oteros,140
24063,24,Cubillas de Rueda,376
24064,24,Cubillos del Sil,1746
24065,24,Chozas de Abajo,2699
24066,24,Destriana,422
24067,24,Encinedo,621
24068,24,"Ercina, La",412
24069,24,Escobar de Campos,32
24070,24,Fabero,3998
24071,24,Folgoso de la Ribera,973
24073,24,Fresno de la Vega,483
24074,24,Fuentes de Carbajal,71
24076,24,Garrafe de Torío,1649
24077,24,Gordaliza del Pino,238
24078,24,Gordoncillo,312
24079,24,Gradefes,882
24080,24,Grajal de Campos,200
24081,24,Gusendos de los Oteros,123
24082,24,Hospital de Órbigo,948
24083,24,Igüeña,1012
24084,24,Izagre,133
24086,24,Joarilla de las Matas,241
24087,24,Laguna Dalga,608
24088,24,Laguna de Negrillos,1056
24089,24,León,123446
24090,24,Lucillo,360
24091,24,Luyego,537
24092,24,Llamas de la Ribera,783
24093,24,Magaz de Cepeda,345
24094,24,Mansilla de las Mulas,1706
24095,24,Mansilla Mayor,316
24096,24,Maraña,103
24097,24,Matadeón de los Oteros,212
24098,24,Matallana de Torío,1214
24099,24,Matanza,157
24100,24,Molinaseca,870
24101,24,Murias de Paredes,337
24102,24,Noceda del Bierzo,603
24103,24,Oencia,267
24104,24,"Omañas, Las",267
24105,24,Onzonilla,1974
24106,24,Oseja de Sajambre,214
24107,24,Pajares de los Oteros,245
24108,24,Palacios de la Valduerna,341
24109,24,Palacios del Sil,862
24110,24,Páramo del Sil,1141
24112,24,Peranzanes,276
24113,24,Pobladura de Pelayo García,364
24114,24,"Pola de Gordón, La",2833
24115,24,Ponferrada,63186
24116,24,Posada de Valdeón,392
24117,24,Pozuelo del Páramo,374
24118,24,Prado de la Guzpeña,108
24119,24,Priaranza del Bierzo,672
24120,24,Prioro,340
24121,24,Puebla de Lillo,641
24122,24,Puente de Domingo Flórez,1348
24123,24,Quintana del Castillo,699
24124,24,Quintana del Marco,299
24125,24,Quintana y Congosto,402
24127,24,Regueras de Arriba,263
24129,24,Reyero,120
24130,24,Riaño,476
24131,24,Riego de la Vega,697
24132,24,Riello,570
24133,24,Rioseco de Tapia,409
24134,24,"Robla, La",3574
24136,24,Roperuelos del Páramo,502
24137,24,Sabero,1020
24139,24,Sahagún,2380
24141,24,San Adrián del Valle,82
24142,24,San Andrés del Rabanedo,29944
24143,24,Sancedo,532
24144,24,San Cristóbal de la Polantera,611
24145,24,San Emiliano,585
24146,24,San Esteban de Nogales,239
24148,24,San Justo de la Vega,1750
24149,24,San Millán de los Caballeros,191
24150,24,San Pedro Bercianos,218
24151,24,Santa Colomba de Curueño,502
24152,24,Santa Colomba de Somoza,472
24153,24,Santa Cristina de Valmadrigal,278
24154,24,Santa Elena de Jamuz,1021
24155,24,Santa María de la Isla,429
24156,24,Santa María del Monte de Cea,207
24157,24,Santa María del Páramo,2994
24158,24,Santa María de Ordás,327
24159,24,Santa Marina del Rey,1718
24160,24,Santas Martas,763
24161,24,Santiago Millas,350
24162,24,Santovenia de la Valdoncina,2058
24163,24,Sariegos,5456
24164,24,Sena de Luna,373
24165,24,Sobrado,275
24166,24,Soto de la Vega,1481
24167,24,Soto y Amío,706
24168,24,Toral de los Guzmanes,486
24169,24,Toreno,2833
24170,24,Torre del Bierzo,1929
24171,24,Trabadelo,321
24172,24,Truchas,371
24173,24,Turcia,974
24174,24,Urdiales del Páramo,445
24175,24,Valdefresno,2362
24176,24,Valdefuentes del Páramo,304
24177,24,Valdelugueros,484
24178,24,Valdemora,58
24179,24,Valdepiélago,306
24180,24,Valdepolo,1177
24181,24,Valderas,1479
24182,24,Valderrey,424
24183,24,Valderrueda,817
24184,24,Valdesamario,167
24185,24,Val de San Lorenzo,480
24187,24,Valdevimbre,892
24188,24,Valencia de Don Juan,5103
24189,24,Valverde de la Virgen,7936
24190,24,Valverde-Enrique,148
24191,24,Vallecillo,99
24193,24,"Vecilla, La",383
24194,24,Vegacervera,246
24196,24,Vega de Espinareda,2006
24197,24,Vega de Infanzones,837
24198,24,Vega de Valcarce,555
24199,24,Vegaquemada,418
24201,24,Vegas del Condado,1165
24202,24,Villablino,7585
24203,24,Villabraz,82
24205,24,Villadangos del Páramo,1268
24206,24,Toral de los Vados,1751
24207,24,Villademor de la Vega,289
24209,24,Villafranca del Bierzo,2591
24210,24,Villagatón,611
24211,24,Villamandos,272
24212,24,Villamañán,1084
24213,24,Villamartín de Don Sancho,130
24214,24,Villamejil,653
24215,24,Villamol,134
24216,24,Villamontán de la Valduerna,678
24217,24,Villamoratiel de las Matas,121
24218,24,Villanueva de las Manzanas,484
24219,24,Villaobispo de Otero,514
24221,24,Villaquejida,763
24222,24,Villaquilambre,18905
24223,24,Villarejo de Órbigo,2856
24224,24,Villares de Órbigo,557
24225,24,Villasabariego,1155
24226,24,Villaselán,180
24227,24,Villaturiel,1818
24228,24,Villazala,560
24229,24,Villazanzo de Valderaduey,360
24230,24,Zotes del Páramo,384
24901,24,Villamanín,863
24902,24,Villaornate y Castro,348
25001,25,Abella de la Conca,156
25002,25,Àger,637
25003,25,Agramunt,5653
25004,25,"Alamús, Els",835
25005,25,Alàs i Cerc,320
25006,25,"Albagés, L'",339
25007,25,Albatàrrec,2331
25008,25,Albesa,1584
25009,25,"Albi, L'",764
25010,25,Alcanó,244
25011,25,Alcarràs,10256
25012,25,Alcoletge,3640
25013,25,Alfarràs,2805
25014,25,Alfés,284
25015,25,Algerri,424
25016,25,Alguaire,3060
25017,25,Alins,269
25019,25,Almacelles,7018
25020,25,Almatret,292
25021,25,Almenar,3369
25022,25,Alòs de Balaguer,118
25023,25,Alpicat,6515
25024,25,Alt Àneu,453
25025,25,Naut Aran,1902
25027,25,Anglesola,1389
25029,25,Arbeca,2163
25030,25,"Pont de Bar, El",162
25031,25,Arres,58
25032,25,Arsèguel,87
25033,25,Artesa de Lleida,1543
25034,25,Artesa de Segre,3559
25035,25,"Sentiu de Sió, La",448
25036,25,Aspa,233
25037,25,"Avellanes i Santa Linya, Les",434
25038,25,Aitona,2591
25039,25,Baix Pallars,345
25040,25,Balaguer,17729
25041,25,Barbens,929
25042,25,"Baronia de Rialb, La",216
25043,25,"Vall de Boí, La",1122
25044,25,Bassella,216
25045,25,Bausen,62
25046,25,Belianes,514
25047,25,Bellcaire d'Urgell,1275
25048,25,Bell-lloc d'Urgell,2364
25049,25,Bellmunt d'Urgell,174
25050,25,Bellpuig,5510
25051,25,Bellver de Cerdanya,2289
25052,25,Bellvís,2249
25053,25,Benavent de Segrià,1571
25055,25,Biosca,185
25056,25,Bovera,244
25057,25,"Bòrdes, Es",281
25058,25,"Borges Blanques, Les",6482
25059,25,Bossòst,1189
25060,25,Cabanabona,70
25061,25,Cabó,85
25062,25,Camarasa,788
25063,25,Canejan,95
25064,25,Castellar de la Ribera,131
25067,25,Castelldans,952
25068,25,Castellnou de Seana,726
25069,25,Castelló de Farfanya,548
25070,25,Castellserà,993
25071,25,Cava,38
25072,25,Cervera,9603
25073,25,Cervià de les Garrigues,641
25074,25,Ciutadilla,186
25075,25,Clariana de Cardener,160
25076,25,"Cogul, El",163
25077,25,Coll de Nargó,585
25078,25,Corbins,1502
25079,25,Cubells,354
25081,25,"Espluga Calba, L'",324
25082,25,Espot,377
25085,25,Estaràs,161
25086,25,Esterri d'Àneu,917
25087,25,Esterri de Cardós,63
25088,25,Estamariu,135
25089,25,Farrera,118
25092,25,"Floresta, La",159
25093,25,Fondarella,823
25094,25,Foradada,193
25096,25,"Fuliola, La",1262
25097,25,Fulleda,87
25098,25,Gavet de la Conca,252
25099,25,Golmés,1909
25100,25,Gósol,205
25101,25,"Granadella, La",748
25102,25,"Granja d'Escarp, La",994
25103,25,Granyanella,154
25104,25,Granyena de Segarra,149
25105,25,Granyena de les Garrigues,174
25109,25,Guimerà,250
25110,25,Guissona,7774
25111,25,Guixers,125
25112,25,Ivars de Noguera,317
25113,25,Ivars d'Urgell,1578
25114,25,Ivorra,100
25115,25,Isona i Conca Dellà,1038
25118,25,Juncosa,377
25119,25,Juneda,3453
25120,25,Lleida,146266
25121,25,Les,1036
25122,25,Linyola,2762
25123,25,Lladorre,246
25124,25,Lladurs,186
25125,25,Llardecans,444
25126,25,Llavorsí,342
25127,25,Lles de Cerdanya,290
25128,25,Llimiana,130
25129,25,Llobera,201
25130,25,Maldà,239
25131,25,Massalcoreig,592
25132,25,Massoteres,227
25133,25,Maials,951
25134,25,Menàrguens,798
25135,25,Miralcamp,1369
25136,25,"Molsosa, La",100
25137,25,Mollerussa,15763
25138,25,Montgai,640
25139,25,Montellà i Martinet,598
25140,25,Montferrer i Castellbò,1161
25141,25,Montoliu de Segarra,180
25142,25,Montoliu de Lleida,488
25143,25,Montornès de Segarra,87
25145,25,Nalec,91
25146,25,Navès,292
25148,25,Odèn,231
25149,25,Oliana,1874
25150,25,Oliola,192
25151,25,Olius,990
25152,25,"Oluges, Les",167
25153,25,"Omellons, Els",187
25154,25,"Omells de na Gaia, Els",126
25155,25,Organyà,853
25156,25,Os de Balaguer,1088
25157,25,Ossó de Sió,198
25158,25,"Palau d'Anglesola, El",2232
25161,25,Conca de Dalt,438
25163,25,"Coma i la Pedra, La",277
25164,25,Penelles,431
25165,25,Peramola,339
25166,25,Pinell de Solsonès,198
25167,25,Pinós,274
25168,25,"Poal, El",649
25169,25,"Pobla de Cérvoles, La",208
25170,25,Bellaguarda,278
25171,25,"Pobla de Segur, La",3143
25172,25,Ponts,2653
25173,25,"Pont de Suert, El",2381
25174,25,"Portella, La",731
25175,25,Prats i Sansor,252
25176,25,Preixana,401
25177,25,Preixens,399
25179,25,Prullans,270
25180,25,Puiggròs,269
25181,25,Puigverd d'Agramunt,231
25182,25,Puigverd de Lleida,1409
25183,25,Rialp,654
25185,25,Ribera d'Urgellet,989
25186,25,Riner,269
25189,25,Rosselló,3416
25190,25,Salàs de Pallars,365
25191,25,Sanaüja,385
25192,25,Sant Guim de Freixenet,1235
25193,25,Sant Llorenç de Morunys,983
25194,25,Sant Ramon,483
25196,25,Sant Esteve de la Sarga,121
25197,25,Sant Guim de la Plana,190
25200,25,Sarroca de Lleida,383
25201,25,Sarroca de Bellera,111
25202,25,Senterada,160
25203,25,"Seu d'Urgell, La",13009
25204,25,Seròs,1954
25205,25,Sidamon,760
25206,25,"Soleràs, El",308
25207,25,Solsona,9717
25208,25,Soriguera,446
25209,25,Sort,2236
25210,25,Soses,1892
25211,25,Sudanell,915
25212,25,Sunyer,310
25215,25,Talarn,555
25216,25,Talavera,280
25217,25,Tàrrega,19057
25218,25,Tarrés,126
25219,25,Tarroja de Segarra,164
25220,25,Térmens,1350
25221,25,Tírvia,141
25222,25,Tiurana,69
25223,25,Torà,1190
25224,25,"Torms, Els",135
25225,25,Tornabous,832
25226,25,Torrebesses,278
25227,25,"Torre de Cabdella, La",758
25228,25,Torrefarrera,4900
25230,25,Torregrossa,2248
25231,25,Torrelameu,788
25232,25,Torres de Segre,2317
25233,25,Torre-serona,405
25234,25,Tremp,6123
25238,25,Vallbona de les Monges,223
25239,25,"Valls de Valira, Les",845
25240,25,Vallfogona de Balaguer,2009
25242,25,Verdú,876
25243,25,Vielha e Mijaran,5865
25244,25,Vilagrassa,627
25245,25,Vilaller,496
25247,25,Vilamòs,174
25248,25,Vilanova de Bellpuig,1150
25249,25,Vilanova de l'Aguda,192
25250,25,Vilanova de Meià,479
25251,25,Vilanova de Segrià,1094
25252,25,Vila-sana,753
25253,25,"Vilosell, El",177
25254,25,Vilanova de la Barca,1163
25255,25,Vinaixa,437
25901,25,Vall de Cardós,388
25902,25,Sant Martí de Riucorb,668
25903,25,"Guingueta d'Àneu, La",278
25904,25,Castell de Mur,159
25905,25,Ribera d'Ondara,437
25906,25,"Valls d'Aguilar, Les",253
25907,25,Torrefeta i Florejacs,589
25908,25,Fígols i Alinyà,234
25909,25,"Vansa i Fórnols, La",187
25910,25,Josa i Tuixén,110
25911,25,"Plans de Sió, Els",506
25912,25,Gimenells i el Pla de la Font,1069
25913,25,Riu de Cerdanya,96
26001,26,Ábalos,256
26002,26,Agoncillo,1464
26003,26,Aguilar del Río Alhama,421
26004,26,Ajamil de Cameros,79
26005,26,Albelda de Iregua,3930
26006,26,Alberite,2743
26007,26,Alcanadre,685
26008,26,Aldeanueva de Ebro,2753
26009,26,Alesanco,486
26010,26,Alesón,92
26011,26,Alfaro,9923
26012,26,Almarza de Cameros,41
26013,26,Anguciana,450
26014,26,Anguiano,488
26015,26,Arenzana de Abajo,257
26016,26,Arenzana de Arriba,37
26017,26,Arnedillo,433
26018,26,Arnedo,15140
26019,26,Arrúbal,566
26020,26,Ausejo,774
26021,26,Autol,4958
26022,26,Azofra,188
26023,26,Badarán,474
26024,26,Bañares,198
26025,26,Baños de Rioja,86
26026,26,Baños de Río Tobía,1589
26027,26,Berceo,143
26028,26,Bergasa,172
26029,26,Bergasillas Bajera,31
26030,26,Bezares,19
26031,26,Bobadilla,103
26032,26,Brieva de Cameros,38
26033,26,Briñas,191
26034,26,Briones,752
26035,26,Cabezón de Cameros,23
26036,26,Calahorra,25367
26037,26,Camprovín,158
26038,26,Canales de la Sierra,84
26039,26,Canillas de Río Tuerto,43
26040,26,Cañas,95
26041,26,Cárdenas,132
26042,26,Casalarreina,1094
26043,26,Castañares de Rioja,440
26044,26,Castroviejo,57
26045,26,Cellorigo,15
26046,26,Cenicero,2173
26047,26,Cervera del Río Alhama,2237
26048,26,Cidamón,18
26049,26,Cihuri,205
26050,26,Cirueña,194
26051,26,Clavijo,294
26052,26,Cordovín,154
26053,26,Corera,281
26054,26,Cornago,298
26055,26,Corporales,40
26056,26,Cuzcurrita de Río Tirón,565
26057,26,Daroca de Rioja,63
26058,26,Enciso,167
26059,26,Entrena,1660
26060,26,Estollo,90
26061,26,Ezcaray,2067
26062,26,Foncea,86
26063,26,Fonzaleche,138
26064,26,Fuenmayor,3281
26065,26,Galbárruli,70
26066,26,Galilea,419
26067,26,Gallinero de Cameros,16
26068,26,Gimileo,122
26069,26,Grañón,209
26070,26,Grávalos,196
26071,26,Haro,12167
26072,26,Herce,340
26073,26,Herramélluri,111
26074,26,Hervías,138
26075,26,Hormilla,442
26076,26,Hormilleja,153
26077,26,Hornillos de Cameros,14
26078,26,Hornos de Moncalvillo,92
26079,26,Huércanos,856
26080,26,Igea,638
26081,26,Jalón de Cameros,23
26082,26,Laguna de Cameros,109
26083,26,Lagunilla del Jubera,385
26084,26,Lardero,12060
26086,26,Ledesma de la Cogolla,16
26087,26,Leiva,235
26088,26,Leza de Río Leza,40
26089,26,Logroño,152150
26091,26,Lumbreras de Cameros,144
26092,26,Manjarrés,97
26093,26,Mansilla de la Sierra,57
26094,26,Manzanares de Rioja,68
26095,26,Matute,88
26096,26,Medrano,350
26098,26,Munilla,93
26099,26,Murillo de Río Leza,1656
26100,26,Muro de Aguas,57
26101,26,Muro en Cameros,40
26102,26,Nájera,8336
26103,26,Nalda,1307
26104,26,Navajún,8
26105,26,Navarrete,3061
26106,26,Nestares,85
26107,26,Nieva de Cameros,87
26108,26,Ocón,312
26109,26,Ochánduri,78
26110,26,Ojacastro,199
26111,26,Ollauri,319
26112,26,Ortigosa de Cameros,214
26113,26,Pazuengos,24
26114,26,Pedroso,89
26115,26,Pinillos,18
26117,26,Pradejón,3742
26118,26,Pradillo,64
26119,26,Préjano,206
26120,26,Quel,2128
26121,26,Rabanera,29
26122,26,"Rasillo de Cameros, El",149
26123,26,"Redal, El",138
26124,26,Ribafrecha,1076
26125,26,Rincón de Soto,4041
26126,26,Robres del Castillo,21
26127,26,Rodezno,230
26128,26,Sajazarra,123
26129,26,San Asensio,1088
26130,26,San Millán de la Cogolla,214
26131,26,San Millán de Yécora,35
26132,26,San Román de Cameros,127
26134,26,Santa Coloma,104
26135,26,Santa Engracia del Jubera,188
26136,26,Santa Eulalia Bajera,112
26138,26,Santo Domingo de la Calzada,6441
26139,26,San Torcuato,62
26140,26,Santurde de Rioja,260
26141,26,Santurdejo,95
26142,26,San Vicente de la Sonsierra,1054
26143,26,Sojuela,690
26144,26,Sorzano,233
26145,26,Sotés,261
26146,26,Soto en Cameros,82
26147,26,Terroba,31
26148,26,Tirgo,167
26149,26,Tobía,41
26150,26,Tormantos,124
26151,26,Torrecilla en Cameros,474
26152,26,Torrecilla sobre Alesanco,58
26153,26,Torre en Cameros,8
26154,26,Torremontalbo,7
26155,26,Treviana,142
26157,26,Tricio,376
26158,26,Tudelilla,360
26160,26,Uruñuela,1007
26161,26,Valdemadera,15
26162,26,Valgañón,133
26163,26,Ventosa,196
26164,26,Ventrosa,48
26165,26,Viguera,377
26166,26,Villalba de Rioja,155
26167,26,Villalobar de Rioja,84
26168,26,Villamediana de Iregua,9263
26169,26,Villanueva de Cameros,68
26170,26,"Villar de Arnedo, El",645
26171,26,Villar de Torre,143
26172,26,Villarejo,30
26173,26,Villarroya,9
26174,26,Villarta-Quintana,129
26175,26,Villavelayo,43
26176,26,Villaverde de Rioja,65
26177,26,Villoslada de Cameros,351
26178,26,Viniegra de Abajo,81
26179,26,Viniegra de Arriba,40
26180,26,Zarratón,254
26181,26,Zarzosa,14
26183,26,Zorraquín,88
27001,27,Abadín,2239
27002,27,Alfoz,1493
27003,27,Antas de Ulla,1822
27004,27,Baleira,1093
27005,27,Barreiros,3036
27006,27,Becerreá,2836
27007,27,Begonte,2886
27008,27,Bóveda,1369
27009,27,Carballedo,1987
27010,27,Castro de Rei,5001
27011,27,Castroverde,2478
27012,27,Cervantes,1142
27013,27,Cervo,4137
27014,27,"Corgo, O",3366
27015,27,Cospeito,4172
27016,27,Chantada,8171
27017,27,Folgoso do Courel,921
27018,27,"Fonsagrada, A",3073
27019,27,Foz,10329
27020,27,Friol,3608
27021,27,Xermade,1665
27022,27,Guitiriz,5180
27023,27,Guntín,2501
27024,27,"Incio, O",1513
27025,27,Xove,3269
27026,27,Láncara,2489
27027,27,Lourenzá,2083
27028,27,Lugo,100143
27029,27,Meira,1773
27030,27,Mondoñedo,3303
27031,27,Monforte de Lemos,18933
27032,27,Monterroso,3744
27033,27,Muras,577
27034,27,Navia de Suarna,971
27035,27,Negueira de Muñiz,236
27037,27,"Nogais, As",914
27038,27,Ourol,965
27039,27,Outeiro de Rei,5420
27040,27,Palas de Rei,3227
27041,27,Pantón,2350
27042,27,Paradela,1557
27043,27,"Páramo, O",1265
27044,27,"Pastoriza, A",2794
27045,27,Pedrafita do Cebreiro,868
27046,27,Pol,1550
27047,27,"Pobra do Brollón, A",1610
27048,27,"Pontenova, A",2106
27049,27,Portomarín,1277
27050,27,Quiroga,3040
27051,27,Ribadeo,10022
27052,27,Ribas de Sil,894
27053,27,Ribeira de Piquín,549
27054,27,Riotorto,1182
27055,27,Samos,1158
27056,27,Rábade,1514
27057,27,Sarria,13726
27058,27,"Saviñao, O",3470
27059,27,Sober,2090
27060,27,Taboada,2617
27061,27,Trabada,1070
27062,27,Triacastela,589
27063,27,"Valadouro, O",1845
27064,27,"Vicedo, O",1553
27065,27,Vilalba,13852
27066,27,Viveiro,15120
27901,27,Baralla,2396
27902,27,Burela,9630
28001,28,"Acebeda, La",70
28002,28,Ajalvir,4868
28003,28,Alameda del Valle,267
28004,28,"Álamo, El",10594
28005,28,Alcalá de Henares,203208
28006,28,Alcobendas,123342
28007,28,Alcorcón,175719
28008,28,Aldea del Fresno,3503
28009,28,Algete,21144
28010,28,Alpedrete,15686
28011,28,Ambite,732
28012,28,Anchuelo,1414
28013,28,Aranjuez,63040
28014,28,Arganda del Rey,60419
28015,28,Arroyomolinos,38075
28016,28,"Atazar, El",110
28017,28,Batres,1976
28018,28,Becerril de la Sierra,6737
28019,28,Belmonte de Tajo,1955
28020,28,Berzosa del Lozoya,242
28021,28,"Berrueco, El",795
28022,28,Boadilla del Monte,66349
28023,28,"Boalo, El",8770
28024,28,Braojos,233
28025,28,Brea de Tajo,577
28026,28,Brunete,11287
28027,28,Buitrago del Lozoya,2034
28028,28,Bustarviejo,2870
28029,28,Cabanillas de la Sierra,961
28030,28,"Cabrera, La",2889
28031,28,Cadalso de los Vidrios,3372
28032,28,Camarma de Esteruelas,8331
28033,28,Campo Real,6974
28034,28,Canencia,475
28035,28,Carabaña,2451
28036,28,Casarrubuelos,4323
28037,28,Cenicientos,2152
28038,28,Cercedilla,7772
28039,28,Cervera de Buitrago,165
28040,28,Ciempozuelos,26350
28041,28,Cobeña,7670
28042,28,Colmenar del Arroyo,2044
28043,28,Colmenar de Oreja,9127
28044,28,Colmenarejo,9640
28045,28,Colmenar Viejo,58730
28046,28,Collado Mediano,7722
28047,28,Collado Villalba,67274
28048,28,Corpa,832
28049,28,Coslada,80512
28050,28,Cubas de la Sagra,7238
28051,28,Chapinería,2705
28052,28,Chinchón,5800
28053,28,Daganzo de Arriba,10764
28054,28,"Escorial, El",17171
28055,28,Estremera,1473
28056,28,Fresnedillas de la Oliva,1883
28057,28,Fresno de Torote,2561
28058,28,Fuenlabrada,190076
28059,28,Fuente el Saz de Jarama,7413
28060,28,Fuentidueña de Tajo,2372
28061,28,Galapagar,36758
28062,28,Garganta de los Montes,441
28063,28,Gargantilla del Lozoya y Pinilla de Buitrago,396
28064,28,Gascones,252
28065,28,Getafe,193238
28066,28,Griñón,10799
28067,28,Guadalix de la Sierra,6993
28068,28,Guadarrama,17547
28069,28,"Hiruela, La",88
28070,28,Horcajo de la Sierra-Aoslos,219
28071,28,Horcajuelo de la Sierra,104
28072,28,Hoyo de Manzanares,9310
28073,28,Humanes de Madrid,20500
28074,28,Leganés,195734
28075,28,Loeches,9261
28076,28,Lozoya,598
28078,28,Madarcos,69
28079,28,Madrid,3506730
28080,28,Majadahonda,73625
28082,28,Manzanares el Real,9648
28083,28,Meco,15922
28084,28,Mejorada del Campo,25049
28085,28,Miraflores de la Sierra,7350
28086,28,"Molar, El",9999
28087,28,"Molinos, Los",4781
28088,28,Montejo de la Sierra,404
28089,28,Moraleja de Enmedio,5580
28090,28,Moralzarzal,14772
28091,28,Morata de Tajuña,8397
28092,28,Móstoles,214817
28093,28,Navacerrada,3311
28094,28,Navalafuente,1693
28095,28,Navalagamella,3169
28096,28,Navalcarnero,33331
28097,28,Navarredonda y San Mamés,163
28099,28,Navas del Rey,3420
28100,28,Nuevo Baztán,7429
28101,28,Olmeda de las Fuentes,429
28102,28,Orusco de Tajuña,1531
28104,28,Paracuellos de Jarama,27650
28106,28,Parla,137471
28107,28,Patones,617
28108,28,Pedrezuela,6606
28109,28,Pelayos de la Presa,3195
28110,28,Perales de Tajuña,3260
28111,28,Pezuela de las Torres,1008
28112,28,Pinilla del Valle,200
28113,28,Pinto,56651
28114,28,Piñuécar-Gandullas,183
28115,28,Pozuelo de Alarcón,89770
28116,28,Pozuelo del Rey,1302
28117,28,Prádena del Rincón,146
28118,28,Puebla de la Sierra,98
28119,28,Quijorna,4044
28120,28,Rascafría,1704
28121,28,Redueña,288
28122,28,Ribatejada,905
28123,28,Rivas-Vaciamadrid,103148
28124,28,Robledillo de la Jara,118
28125,28,Robledo de Chavela,4818
28126,28,Robregordo,79
28127,28,"Rozas de Madrid, Las",99037
28128,28,Rozas de Puerto Real,579
28129,28,San Agustín del Guadalix,13825
28130,28,San Fernando de Henares,39059
28131,28,San Lorenzo de El Escorial,18872
28132,28,San Martín de la Vega,21010
28133,28,San Martín de Valdeiglesias,9324
28134,28,San Sebastián de los Reyes,96992
28135,28,Santa María de la Alameda,1584
28136,28,Santorcaz,1011
28137,28,"Santos de la Humosa, Los",2867
28138,28,"Serna del Monte, La",110
28140,28,Serranillos del Valle,4670
28141,28,Sevilla la Nueva,9802
28143,28,Somosierra,93
28144,28,Soto del Real,9400
28145,28,Talamanca de Jarama,4607
28146,28,Tielmes,2964
28147,28,Titulcia,1389
28148,28,Torrejón de Ardoz,143526
28149,28,Torrejón de la Calzada,10653
28150,28,Torrejón de Velasco,4900
28151,28,Torrelaguna,5081
28152,28,Torrelodones,25433
28153,28,Torremocha de Jarama,1157
28154,28,Torres de la Alameda,7824
28155,28,Valdaracete,658
28156,28,Valdeavero,1896
28157,28,Valdelaguna,1122
28158,28,Valdemanco,1097
28159,28,Valdemaqueda,870
28160,28,Valdemorillo,14420
28161,28,Valdemoro,85972
28162,28,Valdeolmos-Alalpardo,4626
28163,28,Valdepiélagos,612
28164,28,Valdetorres de Jarama,5175
28165,28,Valdilecha,3289
28166,28,Valverde de Alcalá,565
28167,28,Velilla de San Antonio,14468
28168,28,"Vellón, El",2281
28169,28,Venturada,2622
28170,28,Villaconejos,3569
28171,28,Villa del Prado,7743
28172,28,Villalbilla,18687
28173,28,Villamanrique de Tajo,859
28174,28,Villamanta,2899
28175,28,Villamantilla,1660
28176,28,Villanueva de la Cañada,24028
28177,28,Villanueva del Pardillo,18466
28178,28,Villanueva de Perales,1715
28179,28,Villar del Olmo,2341
28180,28,Villarejo de Salvanés,8042
28181,28,Villaviciosa de Odón,30127
28182,28,Villavieja del Lozoya,332
28183,28,Zarzalejo,1946
28901,28,Lozoyuela-Navas-Sieteiglesias,1468
28902,28,Puentes Viejas,759
28903,28,Tres Cantos,54592
29001,29,Alameda,5426
29002,29,Alcaucín,2671
29003,29,Alfarnate,1034
29004,29,Alfarnatejo,358
29005,29,Algarrobo,7103
29006,29,Algatocín,816
29007,29,Alhaurín de la Torre,45066
29008,29,Alhaurín el Grande,27552
29009,29,Almáchar,1959
29010,29,Almargen,1876
29011,29,Almogía,4269
29012,29,Álora,13650
29013,29,Alozaina,2127
29014,29,Alpandeire,242
29015,29,Antequera,41849
29016,29,Árchez,441
29017,29,Archidona,8105
29018,29,Ardales,2524
29019,29,Arenas,1291
29020,29,Arriate,4049
29021,29,Atajate,168
29022,29,Benadalid,226
29023,29,Benahavís,9472
29024,29,Benalauría,460
29025,29,Benalmádena,78338
29026,29,Benamargosa,1560
29027,29,Benamocarra,3200
29028,29,Benaoján,1427
29029,29,Benarrabá,457
29030,29,"Borge, El",958
29031,29,"Burgo, El",1761
29032,29,Campillos,8561
29033,29,Canillas de Aceituno,1801
29034,29,Canillas de Albaida,807
29035,29,Cañete la Real,1569
29036,29,Carratraca,801
29037,29,Cartajima,234
29038,29,Cártama,29333
29039,29,Casabermeja,4214
29040,29,Casarabonela,2800
29041,29,Casares,9009
29042,29,Coín,26574
29043,29,Colmenar,3626
29044,29,Comares,1354
29045,29,Cómpeta,3824
29046,29,Cortes de la Frontera,3048
29047,29,Cuevas Bajas,1341
29048,29,Cuevas del Becerro,1617
29049,29,Cuevas de San Marcos,3647
29050,29,Cútar,603
29051,29,Estepona,79621
29052,29,Faraján,285
29053,29,Frigiliana,3383
29054,29,Fuengirola,85211
29055,29,Fuente de Piedra,3045
29056,29,Gaucín,1620
29057,29,Genalguacil,352
29058,29,Guaro,2638
29059,29,Humilladero,3373
29060,29,Igualeja,733
29061,29,Istán,1707
29062,29,Iznate,940
29063,29,Jimera de Líbar,399
29064,29,Jubrique,585
29065,29,Júzcar,208
29066,29,Macharaviaya,518
29067,29,Málaga,599063
29068,29,Manilva,18165
29069,29,Marbella,159786
29070,29,Mijas,95104
29071,29,Moclinejo,1222
29072,29,Mollina,5528
29073,29,Monda,2984
29074,29,Montejaque,945
29075,29,Nerja,22132
29076,29,Ojén,4755
29077,29,Parauta,271
29079,29,Periana,3367
29080,29,Pizarra,10334
29081,29,Pujerra,285
29082,29,Rincón de la Victoria,52454
29083,29,Riogordo,2839
29084,29,Ronda,33671
29085,29,Salares,194
29086,29,Sayalonga,1672
29087,29,Sedella,607
29088,29,Sierra de Yeguas,3418
29089,29,Teba,3708
29090,29,Tolox,2468
29091,29,Torrox,22015
29092,29,Totalán,797
29093,29,Valle de Abdalajís,2439
29094,29,Vélez-Málaga,86048
29095,29,Villanueva de Algaidas,4084
29096,29,Villanueva del Rosario,3470
29097,29,Villanueva del Trabuco,5521
29098,29,Villanueva de Tapia,1391
29099,29,Viñuela,2044
29100,29,Yunquera,2828
29901,29,Torremolinos,71329
29902,29,Villanueva de la Concepción,3296
29903,29,Montecorto,585
29904,29,Serrato,457
30001,30,Abanilla,6256
30002,30,Abarán,13228
30003,30,Águilas,37811
30004,30,Albudeite,1395
30005,30,Alcantarilla,43876
30006,30,Aledo,1123
30007,30,Alguazas,10431
30008,30,Alhama de Murcia,24163
30009,30,Archena,20908
30010,30,Beniel,11582
30011,30,Blanca,6882
30012,30,Bullas,12027
30013,30,Calasparra,10391
30014,30,Campos del Río,2159
30015,30,Caravaca de la Cruz,26126
30016,30,Cartagena,220704
30017,30,Cehegín,14506
30018,30,Ceutí,13089
30019,30,Cieza,35577
30020,30,Fortuna,11437
30021,30,Fuente Álamo de Murcia,19171
30022,30,Jumilla,27574
30023,30,Librilla,5854
30024,30,Lorca,98969
30025,30,Lorquí,7946
30026,30,Mazarrón,35449
30027,30,Molina de Segura,78458
30028,30,Moratalla,7518
30029,30,Mula,17937
30030,30,Murcia,479405
30031,30,Ojós,548
30032,30,Pliego,4003
30033,30,Puerto Lumbreras,18006
30034,30,Ricote,1197
30035,30,San Javier,36524
30036,30,San Pedro del Pinatar,29674
30037,30,Torre-Pacheco,41479
30038,30,"Torres de Cotillas, Las",22676
30039,30,Totana,33358
30040,30,Ulea,926
30041,30,"Unión, La",21380
30042,30,Villanueva del Río Segura,4111
30043,30,Yecla,36453
30901,30,Santomera,16443
30902,30,"Alcázares, Los",20408
31001,31,Abáigar,74
31002,31,Abárzuza/Abartzuza,510
31003,31,Abaurregaina/Abaurrea Alta,121
31004,31,Abaurrepea/Abaurrea Baja,30
31005,31,Aberin,410
31006,31,Ablitas,2657
31007,31,Adiós,194
31008,31,Aguilar de Codés,74
31009,31,Aibar/Oibar,754
31010,31,Altsasu/Alsasua,7717
31011,31,Allín/Allin,881
31012,31,Allo,1028
31013,31,Améscoa Baja,729
31014,31,Ancín/Antzin,363
31015,31,Andosilla,2925
31016,31,Ansoáin/Antsoain,10663
31017,31,Anue,501
31018,31,Añorbe,622
31019,31,Aoiz/Agoitz,3083
31020,31,Araitz,506
31021,31,Aranarache/Aranaratxe,70
31022,31,Arantza,628
31023,31,Aranguren,13216
31024,31,Arano,108
31025,31,Arakil,990
31026,31,Aras,150
31027,31,Arbizu,1107
31028,31,Arce/Artzi,290
31029,31,"Arcos, Los",1177
31030,31,Arellano,165
31031,31,Areso,260
31032,31,Arguedas,2309
31033,31,Aria,51
31034,31,Aribe,34
31035,31,Armañanzas,47
31036,31,Arróniz,1064
31037,31,Arruazu,121
31038,31,Artajona,1783
31039,31,Artazu,125
31040,31,Atetz,227
31041,31,Ayegui/Aiegi,2589
31042,31,Azagra,3746
31043,31,Azuelo,29
31044,31,Bakaiku,342
31045,31,Barásoain,601
31046,31,Barbarin,46
31047,31,Bargota,237
31048,31,Barillas,240
31049,31,Basaburua,819
31050,31,Baztan,7851
31051,31,Beire,274
31052,31,Belascoáin,124
31053,31,Berbinzana,670
31054,31,Bertizarana,668
31055,31,Betelu,375
31056,31,Biurrun-Olcoz,227
31057,31,Buñuel,2318
31058,31,Auritz/Burguete,235
31059,31,Burgui/Burgi,187
31060,31,Burlada/Burlata,21280
31061,31,"Busto, El",55
31062,31,Cabanillas,1373
31063,31,Cabredo,73
31064,31,Cadreita,2187
31065,31,Caparroso,2882
31066,31,Cárcar,1156
31067,31,Carcastillo,2408
31068,31,Cascante,4231
31069,31,Cáseda,912
31070,31,Castejón,4725
31071,31,Castillonuevo,14
31072,31,Cintruénigo,8565
31073,31,Ziordia,359
31074,31,Cirauqui/Zirauki,473
31075,31,Ciriza/Ziritza,170
31076,31,Cizur,3949
31077,31,Corella,8756
31078,31,Cortes,3165
31079,31,Desojo,68
31080,31,Dicastillo,562
31081,31,Donamaria,446
31082,31,Etxalar,807
31083,31,Echarri/Etxarri,78
31084,31,Etxarri Aranatz,2551
31085,31,Etxauri,671
31086,31,Valle de Egüés/Eguesibar,22825
31087,31,Elgorriaga,210
31088,31,Noáin (Valle de Elorz)/Noain (Elortzibar),8486
31089,31,Enériz/Eneritz,328
31090,31,Eratsun,155
31091,31,Ergoiena,392
31092,31,Erro,812
31093,31,Ezcároz/Ezkaroze,298
31094,31,Eslava,97
31095,31,Esparza de Salazar/Espartza Zaraitzu,75
31096,31,Espronceda,102
31097,31,Estella-Lizarra,14317
31098,31,Esteribar,2918
31099,31,Etayo,72
31100,31,Eulate,278
31101,31,Ezcabarte,1901
31102,31,Ezkurra,125
31103,31,Ezprogui,48
31104,31,Falces,2389
31105,31,Fitero,2370
31106,31,Fontellas,1050
31107,31,Funes,2537
31108,31,Fustiñana,2445
31109,31,Galar,2427
31110,31,Gallipienzo/Galipentzu,100
31111,31,Gallués/Galoze,91
31112,31,Garaioa,92
31113,31,Garde,132
31114,31,Garínoain,527
31115,31,Garralda,183
31116,31,Genevilla,69
31117,31,Goizueta,681
31118,31,Goñi,166
31119,31,Güesa/Gorza,36
31120,31,Guesálaz/Gesalatz,462
31121,31,Guirguillano,75
31122,31,Huarte/Uharte,7900
31123,31,Uharte Arakil,770
31124,31,Ibargoiti,279
31125,31,Igúzquiza,307
31126,31,Imotz,433
31127,31,Irañeta,172
31128,31,Isaba/Izaba,384
31129,31,Ituren,543
31130,31,Iturmendi,428
31131,31,Iza/Itza,1459
31132,31,Izagaondoa,153
31133,31,Izalzu/Itzaltzu,36
31134,31,Jaurrieta,179
31135,31,Javier,106
31136,31,Juslapeña/Txulapain,562
31137,31,Beintza-Labaien,228
31138,31,Lakuntza,1338
31139,31,Lana,149
31140,31,Lantz,150
31141,31,Lapoblación,123
31142,31,Larraga,2158
31143,31,Larraona,100
31144,31,Larraun,918
31145,31,Lazagurría,170
31146,31,Leache/Leatxe,38
31147,31,Legarda,143
31148,31,Legaria,111
31149,31,Leitza,3011
31150,31,Leoz/Leotz,202
31151,31,Lerga,44
31152,31,Lerín,1821
31153,31,Lesaka,2721
31154,31,Lezaun,248
31155,31,Liédena,354
31156,31,Lizoain-Arriasgoiti/Lizoainibar-Arriasgoiti,287
31157,31,Lodosa,4964
31158,31,Lónguida/Longida,308
31159,31,Lumbier,1330
31160,31,Luquin,135
31161,31,Mañeru,452
31162,31,Marañón,50
31163,31,Marcilla,2938
31164,31,Mélida,739
31165,31,Mendavia,3588
31166,31,Mendaza,284
31167,31,Mendigorria,1261
31168,31,Metauten,263
31169,31,Milagro,3741
31170,31,Mirafuentes,56
31171,31,Miranda de Arga,903
31172,31,Monreal/Elo,511
31173,31,Monteagudo,1073
31174,31,Morentin,110
31175,31,Mues,80
31176,31,Murchante,4230
31177,31,Murieta,345
31178,31,Murillo el Cuende,701
31179,31,Murillo el Fruto,665
31180,31,Muruzábal,283
31181,31,Navascués/Nabaskoze,114
31182,31,Nazar,40
31183,31,Obanos,924
31184,31,Oco,65
31185,31,Ochagavía/Otsagabia,492
31186,31,Odieta,367
31187,31,Oiz,129
31188,31,Olaibar,399
31189,31,Olazti/Olazagutía,1444
31190,31,Olejua,49
31191,31,Olite/Erriberri,4069
31192,31,Olóriz/Oloritz,210
31193,31,Cendea de Olza/Oltza Zendea,1874
31194,31,Valle de Ollo/Ollaran,453
31195,31,Orbaizeta,186
31196,31,Orbara,28
31197,31,Orísoain,72
31198,31,Oronz/Orontze,51
31199,31,Oroz-Betelu/Orotz-Betelu,143
31200,31,Oteiza,972
31201,31,Pamplona/Iruña,209094
31202,31,Peralta/Azkoien,6071
31203,31,Petilla de Aragón,29
31204,31,Piedramillera,46
31205,31,Pitillas,520
31206,31,Puente la Reina/Gares,2972
31207,31,Pueyo/Puiu,384
31208,31,Ribaforada,3697
31209,31,Romanzado/Erromantzatua,180
31210,31,Roncal/Erronkari,206
31211,31,Orreaga/Roncesvalles,25
31212,31,Sada,130
31213,31,Saldías,125
31214,31,Salinas de Oro/Jaitz,110
31215,31,San Adrián,6504
31216,31,Sangüesa/Zangoza,4883
31217,31,San Martín de Unx,352
31219,31,Sansol,89
31220,31,Santacara,874
31221,31,Doneztebe/Santesteban,1854
31222,31,Sarriés/Sartze,57
31223,31,Sartaguda,1349
31224,31,Sesma,1248
31225,31,Sorlada,39
31226,31,Sunbilla,672
31227,31,Tafalla,10854
31228,31,Tiebas-Muruarte de Reta,693
31229,31,Tirapu,49
31230,31,Torralba del Río,96
31231,31,Torres del Río,116
31232,31,Tudela,38903
31233,31,Tulebras,159
31234,31,Ucar,194
31235,31,Ujué/Uxue,168
31236,31,Ultzama,1599
31237,31,Unciti,257
31238,31,Unzué/Untzue,164
31239,31,Urdazubi/Urdax,354
31240,31,Urdiain,647
31241,31,Urraul Alto,136
31242,31,Urraul Bajo,330
31243,31,Urroz-Villa,403
31244,31,Urroz,175
31245,31,Urzainqui/Urzainki,76
31246,31,Uterga,177
31247,31,Uztárroz/Uztarroze,136
31248,31,Luzaide/Valcarlos,336
31249,31,Valtierra,2505
31250,31,Bera,3779
31251,31,Viana,4441
31252,31,Vidángoz/Bidankoze,74
31253,31,Bidaurreta,181
31254,31,Villafranca,3163
31255,31,Villamayor de Monjardín,115
31256,31,Hiriberri/Villanueva de Aezkoa,96
31257,31,Villatuerta,1256
31258,31,Villava/Atarrabia,9928
31259,31,Igantzi,578
31260,31,Valle de Yerri/Deierri,1549
31261,31,Yesa,297
31262,31,Zabalza/Zabaltza,285
31263,31,Zubieta,292
31264,31,Zugarramurdi,213
31265,31,Zúñiga,78
31901,31,Barañáin/Barañain,19642
31902,31,Berrioplano/Berriobeiti,7645
31903,31,Berriozar,11361
31904,31,Irurtzun,2296
31905,31,Beriáin,4195
31906,31,Orkoien,4098
31907,31,Zizur Mayor/Zizur Nagusia,16510
31908,31,Lekunberri,1746
32001,32,Allariz,6497
32002,32,Amoeiro,2443
32003,32,"Arnoia, A",949
32004,32,Avión,1719
32005,32,Baltar,849
32006,32,Bande,1460
32007,32,Baños de Molgas,1471
32008,32,Barbadás,11201
32009,32,"Barco de Valdeorras, O",13368
32010,32,Beade,363
32011,32,Beariz,901
32012,32,"Blancos, Os",696
32013,32,Boborás,2167
32014,32,"Bola, A",1139
32015,32,"Bolo, O",789
32016,32,Calvos de Randín,650
32017,32,Carballeda de Valdeorras,1311
32018,32,Carballeda de Avia,1172
32019,32,"Carballiño, O",14249
32020,32,Cartelle,2466
32021,32,Castrelo do Val,947
32022,32,Castrelo de Miño,1289
32023,32,Castro Caldelas,1244
32024,32,Celanova,5723
32025,32,Cenlle,1066
32026,32,Coles,3228
32027,32,Cortegada,1027
32028,32,Cualedro,1538
32029,32,Chandrexa de Queixa,467
32030,32,Entrimo,1093
32031,32,Esgos,1103
32032,32,Xinzo de Limia,9699
32033,32,Gomesende,646
32034,32,"Gudiña, A",1197
32035,32,"Irixo, O",1340
32036,32,Xunqueira de Ambía,1346
32037,32,Xunqueira de Espadanedo,696
32038,32,Larouco,484
32039,32,Laza,1156
32040,32,Leiro,1517
32041,32,Lobeira,703
32042,32,Lobios,1776
32043,32,Maceda,2874
32044,32,Manzaneda,767
32045,32,Maside,2768
32046,32,Melón,1079
32047,32,"Merca, A",1962
32048,32,"Mezquita, A",996
32049,32,Montederramo,660
32050,32,Monterrei,2403
32051,32,Muíños,1385
32052,32,Nogueira de Ramuín,2074
32053,32,Oímbra,1689
32054,32,Ourense,105769
32055,32,Paderne de Allariz,1346
32056,32,Padrenda,1555
32057,32,Parada de Sil,500
32058,32,"Pereiro de Aguiar, O",6794
32059,32,"Peroxa, A",1793
32060,32,Petín,856
32061,32,Piñor,1103
32062,32,Porqueira,806
32063,32,"Pobra de Trives, A",1929
32064,32,Pontedeva,458
32065,32,Punxín,748
32066,32,Quintela de Leirado,587
32067,32,Rairiz de Veiga,1154
32068,32,Ramirás,1485
32069,32,Ribadavia,4895
32070,32,San Xoán de Río,510
32071,32,Riós,1379
32072,32,"Rúa, A",4214
32073,32,Rubiá,1391
32074,32,San Amaro,1030
32075,32,San Cibrao das Viñas,5751
32076,32,San Cristovo de Cea,1963
32077,32,Sandiás,1086
32078,32,Sarreaus,1068
32079,32,Taboadela,1480
32080,32,"Teixeira, A",328
32081,32,Toén,2327
32082,32,Trasmiras,1216
32083,32,"Veiga, A",873
32084,32,Verea,974
32085,32,Verín,13956
32086,32,Viana do Bolo,2715
32087,32,Vilamarín,1836
32088,32,Vilamartín de Valdeorras,1817
32089,32,Vilar de Barrio,1178
32090,32,Vilar de Santos,784
32091,32,Vilardevós,1616
32092,32,Vilariño de Conso,501
33001,33,Allande,1506
33002,33,Aller,10011
33003,33,Amieva,591
33004,33,Avilés,75517
33005,33,Belmonte de Miranda,1366
33006,33,Bimenes,1639
33007,33,Boal,1372
33008,33,Cabrales,1884
33009,33,Cabranes,1094
33010,33,Candamo,1902
33011,33,Cangas del Narcea,11282
33012,33,Cangas de Onís,6344
33013,33,Caravia,486
33014,33,Carreño,10292
33015,33,Caso,1437
33016,33,Castrillón,21998
33017,33,Castropol,3202
33018,33,Coaña,3321
33019,33,Colunga,3143
33020,33,Corvera de Asturias,15785
33021,33,Cudillero,4867
33022,33,Degaña,768
33023,33,"Franco, El",3728
33024,33,Gijón,269894
33025,33,Gozón,10407
33026,33,Grado,9681
33027,33,Grandas de Salime,767
33028,33,Ibias,1084
33029,33,Illano,277
33030,33,Illas,1048
33031,33,Langreo,38612
33032,33,Laviana,12352
33033,33,Lena,10382
33034,33,Valdés,10776
33035,33,Llanera,14020
33036,33,Llanes,13486
33037,33,Mieres,36373
33038,33,Morcín,2460
33039,33,Muros de Nalón,1955
33040,33,Nava,5244
33041,33,Navia,8031
33042,33,Noreña,5131
33043,33,Onís,739
33044,33,Oviedo,223968
33045,33,Parres,5150
33046,33,Peñamellera Alta,500
33047,33,Peñamellera Baja,1194
33048,33,Pesoz,134
33049,33,Piloña,6716
33050,33,Ponga,576
33051,33,Pravia,7792
33052,33,Proaza,686
33053,33,Quirós,1142
33054,33,"Regueras, Las",1892
33055,33,Ribadedeva,1693
33056,33,Ribadesella,5591
33057,33,Ribera de Arriba,1852
33058,33,Riosa,1686
33059,33,Salas,4771
33060,33,San Martín del Rey Aurelio,15531
33061,33,San Martín de Oscos,337
33062,33,Santa Eulalia de Oscos,420
33063,33,San Tirso de Abres,396
33064,33,Santo Adriano,281
33065,33,Sariego,1252
33066,33,Siero,53049
33067,33,Sobrescobio,838
33068,33,Somiedo,1031
33069,33,Soto del Barco,3801
33070,33,Tapia de Casariego,3538
33071,33,Taramundi,545
33072,33,Teverga,1495
33073,33,Tineo,8679
33074,33,Vegadeo,3928
33075,33,Villanueva de Oscos,244
33076,33,Villaviciosa,15379
33077,33,Villayón,1054
33078,33,Yernes y Tameza,134
34001,34,Abarca de Campos,38
34003,34,Abia de las Torres,165
34004,34,Aguilar de Campoo,6916
34005,34,Alar del Rey,910
34006,34,Alba de Cerrato,80
34009,34,Amayuelas de Arriba,36
34010,34,Ampudia,588
34011,34,Amusco,417
34012,34,Antigüedad,329
34015,34,Arconada,45
34017,34,Astudillo,1041
34018,34,Autilla del Pino,223
34019,34,Autillo de Campos,125
34020,34,Ayuela,48
34022,34,Baltanás,1226
34023,34,Venta de Baños,6372
34024,34,Baquerín de Campos,20
34025,34,Bárcena de Campos,53
34027,34,Barruelo de Santullán,1164
34028,34,Báscones de Ojeda,136
34029,34,Becerril de Campos,737
34031,34,Belmonte de Campos,28
34032,34,Berzosilla,45
34033,34,Boada de Campos,17
34034,34,Boadilla del Camino,111
34035,34,Boadilla de Rioseco,95
34036,34,Brañosera,253
34037,34,Buenavista de Valdavia,290
34038,34,Bustillo de la Vega,259
34039,34,Bustillo del Páramo de Carrión,58
34041,34,Calahorra de Boedo,82
34042,34,Calzada de los Molinos,305
34045,34,Capillas,68
34046,34,Cardeñosa de Volpejera,64
34047,34,Carrión de los Condes,1997
34048,34,Castil de Vela,54
34049,34,Castrejón de la Peña,322
34050,34,Castrillo de Don Juan,177
34051,34,Castrillo de Onielo,91
34052,34,Castrillo de Villavega,167
34053,34,Castromocho,193
34055,34,Cervatos de la Cueza,241
34056,34,Cervera de Pisuerga,2272
34057,34,Cevico de la Torre,464
34058,34,Cevico Navero,175
34059,34,Cisneros,426
34060,34,Cobos de Cerrato,129
34061,34,Collazos de Boedo,89
34062,34,Congosto de Valdavia,132
34063,34,Cordovilla la Real,130
34066,34,Cubillas de Cerrato,60
34067,34,Dehesa de Montejo,130
34068,34,Dehesa de Romanos,39
34069,34,Dueñas,2605
34070,34,Espinosa de Cerrato,119
34071,34,Espinosa de Villagonzalo,164
34072,34,Frechilla,138
34073,34,Fresno del Río,169
34074,34,Frómista,727
34076,34,Fuentes de Nava,581
34077,34,Fuentes de Valdepero,489
34079,34,Grijota,2839
34080,34,Guardo,5502
34081,34,Guaza de Campos,57
34082,34,Hérmedes de Cerrato,72
34083,34,Herrera de Pisuerga,1875
34084,34,Herrera de Valdecañas,148
34086,34,Hontoria de Cerrato,108
34087,34,Hornillos de Cerrato,171
34088,34,Husillos,413
34089,34,Itero de la Vega,147
34091,34,Lagartos,117
34092,34,Lantadilla,277
34093,34,"Vid de Ojeda, La",82
34094,34,Ledigos,59
34096,34,Lomas,40
34098,34,Magaz de Pisuerga,1065
34099,34,Manquillos,62
34100,34,Mantinos,142
34101,34,Marcilla de Campos,60
34102,34,Mazariegos,202
34103,34,Mazuecos de Valdeginate,78
34104,34,Melgar de Yuso,269
34106,34,Meneses de Campos,109
34107,34,Micieces de Ojeda,67
34108,34,Monzón de Campos,608
34109,34,Moratinos,55
34110,34,Mudá,81
34112,34,Nogal de las Huertas,46
34113,34,Olea de Boedo,38
34114,34,Olmos de Ojeda,166
34116,34,Osornillo,57
34120,34,Palencia,77466
34121,34,Palenzuela,212
34122,34,Páramo de Boedo,103
34123,34,Paredes de Nava,1927
34124,34,Payo de Ojeda,59
34125,34,Pedraza de Campos,73
34126,34,Pedrosa de la Vega,277
34127,34,Perales,112
34129,34,Pino del Río,162
34130,34,Piña de Campos,185
34131,34,Población de Arroyo,44
34132,34,Población de Campos,119
34133,34,Población de Cerrato,102
34134,34,Polentinos,41
34135,34,Pomar de Valdivia,488
34136,34,Poza de la Vega,160
34137,34,Pozo de Urama,21
34139,34,Prádanos de Ojeda,181
34140,34,"Puebla de Valdavia, La",79
34141,34,Quintana del Puente,248
34143,34,Quintanilla de Onsoña,167
34146,34,Reinoso de Cerrato,58
34147,34,Renedo de la Vega,193
34149,34,Requena de Campos,27
34151,34,Respenda de la Peña,140
34152,34,Revenga de Campos,127
34154,34,Revilla de Collazos,75
34155,34,Ribas de Campos,150
34156,34,Riberos de la Cueza,52
34157,34,Saldaña,2844
34158,34,Salinas de Pisuerga,348
34159,34,San Cebrián de Campos,400
34160,34,San Cebrián de Mudá,142
34161,34,San Cristóbal de Boedo,20
34163,34,San Mamés de Campos,44
34165,34,San Román de la Cuba,53
34167,34,Santa Cecilia del Alcor,91
34168,34,Santa Cruz de Boedo,51
34169,34,Santervás de la Vega,392
34170,34,Santibáñez de Ecla,42
34171,34,Santibáñez de la Peña,892
34174,34,Santoyo,187
34175,34,"Serna, La",90
34176,34,Sotobañado y Priorato,154
34177,34,Soto de Cerrato,166
34178,34,Tabanera de Cerrato,133
34179,34,Tabanera de Valdavia,20
34180,34,Támara de Campos,70
34181,34,Tariego de Cerrato,504
34182,34,Torquemada,964
34184,34,Torremormojón,41
34185,34,Triollo,73
34186,34,Valbuena de Pisuerga,49
34189,34,Valdeolmillos,56
34190,34,Valderrábano,47
34192,34,Valde-Ucieza,77
34196,34,Valle de Cerrato,77
34199,34,Velilla del Río Carrión,1104
34201,34,Vertavillo,162
34202,34,Villabasta de Valdavia,33
34204,34,Villacidaler,44
34205,34,Villaconancio,48
34206,34,Villada,863
34208,34,Villaeles de Valdavia,47
34210,34,Villahán,96
34211,34,Villaherreros,211
34213,34,Villalaco,67
34214,34,Villalba de Guardo,194
34215,34,Villalcázar de Sirga,160
34216,34,Villalcón,45
34217,34,Villalobón,1955
34218,34,Villaluenga de la Vega,519
34220,34,Villamartín de Campos,170
34221,34,Villamediana,177
34222,34,Villameriel,109
34223,34,Villamoronta,236
34224,34,Villamuera de la Cueza,36
34225,34,Villamuriel de Cerrato,6501
34227,34,Villanueva del Rebollar,67
34228,34,Villanuño de Valdavia,91
34229,34,Villaprovedo,46
34230,34,Villarmentero de Campos,26
34231,34,Villarrabé,170
34232,34,Villarramiel,782
34233,34,Villasarracino,125
34234,34,Villasila de Valdavia,64
34236,34,Villaturde,148
34237,34,Villaumbrales,627
34238,34,Villaviudas,356
34240,34,Villerías de Campos,71
34241,34,Villodre,22
34242,34,Villodrigo,96
34243,34,Villoldo,333
34245,34,Villota del Páramo,295
34246,34,Villovieco,62
34901,34,Osorno la Mayor,1180
34902,34,Valle del Retortillo,155
34903,34,Loma de Ucieza,186
34904,34,"Pernía, La",297
35001,35,Agaete,5683
35002,35,Agüimes,33800
35003,35,Antigua,14164
35004,35,Arrecife,70811
35005,35,Artenara,1024
35006,35,Arucas,39232
35007,35,Betancuria,801
35008,35,Firgas,7728
35009,35,Gáldar,25108
35010,35,Haría,5623
35011,35,Ingenio,32905
35012,35,Mogán,21172
35013,35,Moya,8007
35014,35,"Oliva, La",30022
35015,35,Pájara,21570
35016,35,"Palmas de Gran Canaria, Las",381868
35017,35,Puerto del Rosario,46150
35018,35,San Bartolomé,19551
35019,35,San Bartolomé de Tirajana,54291
35020,35,"Aldea de San Nicolás, La",7401
35021,35,Santa Brígida,18766
35022,35,Santa Lucía de Tirajana,78584
35023,35,Santa María de Guía de Gran Canaria,14311
35024,35,Teguise,24027
35025,35,Tejeda,1806
35026,35,Telde,104168
35027,35,Teror,13211
35028,35,Tías,21613
35029,35,Tinajo,6939
35030,35,Tuineje,16834
35031,35,Valsequillo de Gran Canaria,9869
35032,35,Valleseco,3775
35033,35,Vega de San Mateo,7899
35034,35,Yaiza,18842
36001,36,Arbo,2603
36002,36,Barro,3674
36003,36,Baiona,12361
36004,36,Bueu,11836
36005,36,Caldas de Reis,9615
36006,36,Cambados,13787
36007,36,Campo Lameiro,1667
36008,36,Cangas,26711
36009,36,"Cañiza, A",4990
36010,36,Catoira,3274
36013,36,Covelo,2472
36014,36,Crecente,1921
36015,36,Cuntis,4469
36016,36,Dozón,961
36017,36,"Estrada, A",20112
36018,36,Forcarei,3067
36019,36,Fornelos de Montes,1614
36020,36,Agolada,2225
36021,36,Gondomar,15066
36022,36,"Grove, O",10833
36023,36,"Guarda, A",9970
36024,36,Lalín,20292
36025,36,"Lama, A",2437
36026,36,Marín,23991
36027,36,Meaño,5237
36028,36,Meis,4668
36029,36,Moaña,19320
36030,36,Mondariz,4456
36031,36,Mondariz-Balneario,742
36032,36,Moraña,4131
36033,36,Mos,15233
36034,36,"Neves, As",3657
36035,36,Nigrán,18174
36036,36,Oia,3062
36037,36,Pazos de Borbén,3046
36038,36,Pontevedra,83316
36039,36,"Porriño, O",20965
36040,36,Portas,2748
36041,36,Poio,17434
36042,36,Ponteareas,23211
36043,36,Ponte Caldelas,5609
36044,36,Pontecesures,3076
36045,36,Redondela,28874
36046,36,Ribadumia,5166
36047,36,Rodeiro,2232
36048,36,"Rosal, O",6548
36049,36,Salceda de Caselas,9409
36050,36,Salvaterra de Miño,10617
36051,36,Sanxenxo,18016
36052,36,Silleda,8917
36053,36,Soutomaior,7589
36054,36,Tomiño,13738
36055,36,Tui,17468
36056,36,Valga,5779
36057,36,Vigo,294489
36058,36,Vilaboa,5856
36059,36,Vila de Cruces,4967
36060,36,Vilagarcía de Arousa,37888
36061,36,Vilanova de Arousa,10159
36901,36,"Illa de Arousa, A",4809
36902,36,Cerdedo-Cotobade,5671
37001,37,Abusejo,148
37002,37,Agallas,122
37003,37,Ahigal de los Aceiteros,93
37004,37,Ahigal de Villarino,30
37005,37,"Alameda de Gardón, La",67
37006,37,"Alamedilla, La",94
37007,37,Alaraz,444
37008,37,Alba de Tormes,5099
37009,37,Alba de Yeltes,205
37010,37,"Alberca, La",1034
37011,37,"Alberguería de Argañán, La",94
37012,37,Alconada,130
37013,37,Aldeacipreste,89
37014,37,Aldeadávila de la Ribera,1094
37015,37,Aldea del Obispo,245
37016,37,Aldealengua,730
37017,37,Aldeanueva de Figueroa,238
37018,37,Aldeanueva de la Sierra,88
37019,37,Aldearrodrigo,143
37020,37,Aldearrubia,518
37021,37,Aldeaseca de Alba,65
37022,37,Aldeaseca de la Frontera,241
37023,37,Aldeatejada,2662
37024,37,Aldeavieja de Tormes,100
37025,37,Aldehuela de la Bóveda,260
37026,37,Aldehuela de Yeltes,176
37027,37,Almenara de Tormes,302
37028,37,Almendra,129
37029,37,Anaya de Alba,190
37030,37,Añover de Tormes,84
37031,37,Arabayona de Mógica,318
37032,37,Arapiles,744
37033,37,Arcediano,89
37034,37,"Arco, El",85
37035,37,Armenteros,156
37036,37,San Miguel del Robledo,52
37037,37,"Atalaya, La",102
37038,37,Babilafuente,924
37039,37,Bañobárez,277
37040,37,Barbadillo,391
37041,37,Barbalos,70
37042,37,Barceo,45
37044,37,Barruecopardo,409
37045,37,"Bastida, La",22
37046,37,Béjar,11993
37047,37,Beleña,258
37049,37,Bermellar,129
37050,37,Berrocal de Huebra,75
37051,37,Berrocal de Salvatierra,74
37052,37,Boada,259
37054,37,"Bodón, El",247
37055,37,Bogajo,124
37056,37,"Bouza, La",48
37057,37,Bóveda del Río Almar,186
37058,37,Brincones,56
37059,37,Buenamadre,108
37060,37,Buenavista,368
37061,37,"Cabaco, El",227
37062,37,Cabezabellosa de la Calzada,73
37063,37,"Cabeza de Béjar, La",55
37065,37,Cabeza del Caballo,224
37067,37,Cabrerizos,4218
37068,37,Cabrillas,316
37069,37,Calvarrasa de Abajo,1240
37070,37,Calvarrasa de Arriba,604
37071,37,"Calzada de Béjar, La",80
37072,37,Calzada de Don Diego,127
37073,37,Calzada de Valdunciel,717
37074,37,Campillo de Azaba,146
37077,37,"Campo de Peñaranda, El",241
37078,37,Candelario,832
37079,37,Canillas de Abajo,64
37080,37,Cantagallo,281
37081,37,Cantalapiedra,884
37082,37,Cantalpino,802
37083,37,Cantaracillo,188
37085,37,Carbajosa de la Sagrada,7791
37086,37,Carpio de Azaba,110
37087,37,Carrascal de Barregas,1456
37088,37,Carrascal del Obispo,185
37089,37,Casafranca,69
37090,37,"Casas del Conde, Las",63
37091,37,Casillas de Flores,171
37092,37,Castellanos de Moriscos,3149
37096,37,Castillejo de Martín Viejo,193
37097,37,Castraz,33
37098,37,Cepeda,287
37099,37,Cereceda de la Sierra,55
37100,37,Cerezal de Peñahorcada,64
37101,37,Cerralbo,105
37102,37,"Cerro, El",363
37103,37,Cespedosa de Tormes,480
37104,37,Cilleros de la Bastida,21
37106,37,Cipérez,233
37107,37,Ciudad Rodrigo,11750
37108,37,Coca de Alba,96
37109,37,Colmenar de Montemayor,177
37110,37,Cordovilla,105
37112,37,Cristóbal,158
37113,37,"Cubo de Don Sancho, El",373
37114,37,Chagarcía Medianero,68
37115,37,Dios le Guarde,116
37116,37,Doñinos de Ledesma,62
37117,37,Doñinos de Salamanca,2273
37118,37,Éjeme,139
37119,37,"Encina, La",95
37120,37,Encina de San Silvestre,111
37121,37,Encinas de Abajo,615
37122,37,Encinas de Arriba,223
37123,37,Encinasola de los Comendadores,146
37124,37,Endrinal,201
37125,37,Escurial de la Sierra,233
37126,37,Espadaña,32
37127,37,Espeja,212
37128,37,Espino de la Orbada,238
37129,37,Florida de Liébana,248
37130,37,Forfoleda,207
37131,37,Frades de la Sierra,163
37132,37,"Fregeneda, La",296
37133,37,Fresnedoso,94
37134,37,Fresno Alhándiga,194
37135,37,"Fuente de San Esteban, La",1293
37136,37,Fuenteguinaldo,635
37137,37,Fuenteliante,80
37138,37,Fuenterroble de Salvatierra,260
37139,37,Fuentes de Béjar,239
37140,37,Fuentes de Oñoro,1012
37141,37,Gajates,135
37142,37,Galindo y Perahuy,713
37143,37,Galinduste,401
37144,37,Galisancho,320
37145,37,Gallegos de Argañán,259
37146,37,Gallegos de Solmirón,109
37147,37,Garcibuey,186
37148,37,Garcihernández,412
37149,37,Garcirrey,52
37150,37,Gejuelo del Barro,31
37151,37,Golpejas,139
37152,37,Gomecello,411
37154,37,Guadramiro,120
37155,37,Guijo de Ávila,81
37156,37,Guijuelo,5427
37157,37,Herguijuela de Ciudad Rodrigo,65
37158,37,Herguijuela de la Sierra,222
37159,37,Herguijuela del Campo,60
37160,37,Hinojosa de Duero,562
37161,37,Horcajo de Montemayor,107
37162,37,Horcajo Medianero,199
37163,37,"Hoya, La",32
37164,37,Huerta,282
37165,37,Iruelos,29
37166,37,Ituero de Azaba,189
37167,37,Juzbado,176
37168,37,Lagunilla,414
37169,37,Larrodrigo,178
37170,37,Ledesma,1480
37171,37,Ledrada,476
37172,37,Linares de Riofrío,924
37173,37,Lumbrales,1507
37174,37,Macotera,1006
37175,37,Machacón,442
37176,37,Madroñal,128
37177,37,"Maíllo, El",282
37178,37,Malpartida,74
37179,37,Mancera de Abajo,192
37180,37,"Manzano, El",54
37181,37,Martiago,252
37182,37,Martinamor,91
37183,37,Martín de Yeltes,383
37184,37,Masueco,240
37185,37,Castellanos de Villiquera,727
37186,37,"Mata de Ledesma, La",98
37187,37,Matilla de los Caños del Río,607
37188,37,"Maya, La",163
37189,37,Membribe de la Sierra,101
37190,37,Mieza,170
37191,37,"Milano, El",88
37192,37,Miranda de Azán,451
37193,37,Miranda del Castañar,361
37194,37,Mogarraz,236
37195,37,Molinillo,43
37196,37,Monforte de la Sierra,50
37197,37,Monleón,88
37198,37,Monleras,241
37199,37,Monsagro,129
37200,37,Montejo,186
37201,37,Montemayor del Río,245
37202,37,Monterrubio de Armuña,1321
37203,37,Monterrubio de la Sierra,150
37204,37,Morasverdes,230
37205,37,Morille,221
37206,37,Moríñigo,93
37207,37,Moriscos,577
37208,37,Moronta,73
37209,37,Mozárbez,510
37211,37,Narros de Matalayegua,187
37212,37,Navacarros,141
37213,37,Nava de Béjar,74
37214,37,Nava de Francia,116
37215,37,Nava de Sotrobal,147
37216,37,Navales,312
37217,37,Navalmoral de Béjar,57
37218,37,Navamorales,45
37219,37,Navarredonda de la Rinconada,153
37221,37,Navasfrías,365
37222,37,Negrilla de Palencia,78
37223,37,Olmedo de Camaces,87
37224,37,"Orbada, La",177
37225,37,Pajares de la Laguna,110
37226,37,Palacios del Arzobispo,141
37228,37,Palaciosrubios,283
37229,37,Palencia de Negrilla,140
37230,37,Parada de Arriba,264
37231,37,Parada de Rubiales,237
37232,37,Paradinas de San Juan,380
37233,37,Pastores,52
37234,37,"Payo, El",302
37235,37,Pedraza de Alba,214
37236,37,Pedrosillo de Alba,123
37237,37,Pedrosillo de los Aires,312
37238,37,Pedrosillo el Ralo,147
37239,37,"Pedroso de la Armuña, El",202
37240,37,Pelabravo,1427
37241,37,Pelarrodríguez,161
37242,37,Pelayos,72
37243,37,"Peña, La",69
37244,37,Peñacaballera,149
37245,37,Peñaparda,298
37246,37,Peñaranda de Bracamonte,6162
37247,37,Peñarandilla,171
37248,37,Peralejos de Abajo,162
37249,37,Peralejos de Arriba,38
37250,37,Pereña de la Ribera,300
37251,37,Peromingo,121
37252,37,Pinedas,88
37253,37,"Pino de Tormes, El",147
37254,37,Pitiegua,173
37255,37,Pizarral,70
37256,37,Poveda de las Cintas,197
37257,37,Pozos de Hinojo,48
37258,37,Puebla de Azaba,145
37259,37,Puebla de San Medel,32
37260,37,Puebla de Yeltes,136
37261,37,Puente del Congosto,236
37262,37,Puertas,66
37263,37,Puerto de Béjar,342
37264,37,Puerto Seguro,52
37265,37,Rágama,196
37266,37,"Redonda, La",61
37267,37,Retortillo,172
37268,37,"Rinconada de la Sierra, La",97
37269,37,Robleda,453
37270,37,Robliza de Cojos,185
37271,37,Rollán,317
37272,37,Saelices el Chico,175
37273,37,"Sagrada, La",78
37274,37,Salamanca,146110
37275,37,Saldeana,96
37276,37,Salmoral,107
37277,37,Salvatierra de Tormes,66
37278,37,San Cristóbal de la Cuesta,1169
37279,37,Sancti-Spíritus,713
37280,37,Sanchón de la Ribera,66
37281,37,Sanchón de la Sagrada,43
37282,37,Sanchotello,206
37283,37,Sando,111
37284,37,San Esteban de la Sierra,343
37285,37,San Felices de los Gallegos,355
37286,37,San Martín del Castañar,233
37287,37,San Miguel de Valero,308
37288,37,San Morales,346
37289,37,San Muñoz,192
37290,37,San Pedro del Valle,143
37291,37,San Pedro de Rozados,273
37292,37,San Pelayo de Guareña,86
37293,37,Santa María de Sando,91
37294,37,Santa Marta de Tormes,14976
37296,37,Santiago de la Puebla,280
37297,37,Santibáñez de Béjar,448
37298,37,Santibáñez de la Sierra,142
37299,37,Santiz,225
37300,37,"Santos, Los",570
37301,37,Sardón de los Frailes,98
37302,37,Saucelle,242
37303,37,"Sahugo, El",178
37304,37,Sepulcro-Hilario,153
37305,37,Sequeros,216
37306,37,Serradilla del Arroyo,239
37307,37,Serradilla del Llano,136
37309,37,"Sierpe, La",41
37310,37,Sieteiglesias de Tormes,193
37311,37,Sobradillo,170
37312,37,Sorihuela,255
37313,37,Sotoserrano,498
37314,37,Tabera de Abajo,97
37315,37,"Tala, La",77
37316,37,Tamames,781
37317,37,Tarazona de Guareña,261
37318,37,Tardáguila,193
37319,37,"Tejado, El",83
37320,37,Tejeda y Segoyuela,97
37321,37,Tenebrón,123
37322,37,Terradillos,3314
37323,37,Topas,518
37324,37,Tordillos,306
37325,37,"Tornadizo, El",88
37327,37,Torresmenudas,192
37328,37,Trabanca,159
37329,37,Tremedal de Tormes,34
37330,37,Valdecarros,296
37331,37,Valdefuentes de Sangusín,182
37332,37,Valdehijaderos,84
37333,37,Valdelacasa,187
37334,37,Valdelageve,66
37335,37,Valdelosa,386
37336,37,Valdemierque,58
37337,37,Valderrodrigo,129
37338,37,Valdunciel,125
37339,37,Valero,269
37340,37,Valsalabroso,120
37341,37,Valverde de Valdelacasa,57
37342,37,Valverdón,266
37343,37,Vallejera de Riofrío,67
37344,37,Vecinos,231
37345,37,Vega de Tirados,139
37346,37,"Veguillas, Las",275
37347,37,"Vellés, La",566
37348,37,Ventosa del Río Almar,97
37349,37,"Vídola, La",95
37350,37,Vilvestre,374
37351,37,Villaflores,255
37352,37,Villagonzalo de Tormes,212
37353,37,Villalba de los Llanos,107
37354,37,Villamayor,7728
37355,37,Villanueva del Conde,172
37356,37,Villar de Argañán,95
37357,37,Villar de Ciervo,253
37358,37,Villar de Gallimazo,192
37359,37,Villar de la Yegua,151
37360,37,Villar de Peralonso,212
37361,37,Villar de Samaniego,79
37362,37,Villares de la Reina,6784
37363,37,Villares de Yeltes,102
37364,37,Villarino de los Aires,727
37365,37,Villarmayor,139
37366,37,Villarmuerto,38
37367,37,Villasbuenas,158
37368,37,Villasdardo,22
37369,37,Villaseco de los Gamitos,138
37370,37,Villaseco de los Reyes,296
37371,37,Villasrubias,231
37372,37,Villaverde de Guareña,128
37373,37,Villavieja de Yeltes,676
37374,37,Villoria,1239
37375,37,Villoruela,729
37376,37,Vitigudino,2344
37377,37,Yecla de Yeltes,223
37378,37,Zamarra,70
37379,37,Zamayón,192
37380,37,Zarapicos,50
37381,37,"Zarza de Pumareda, La",131
37382,37,Zorita de la Frontera,140
38001,38,Adeje,50021
38002,38,Agulo,1078
38003,38,Alajeró,2061
38004,38,Arafo,5945
38005,38,Arico,9505
38006,38,Arona,87793
38007,38,Barlovento,2108
38008,38,Breña Alta,7487
38009,38,Breña Baja,6159
38010,38,Buenavista del Norte,4695
38011,38,Candelaria,29023
38012,38,Fasnia,3145
38013,38,Frontera,4660
38014,38,Fuencaliente de la Palma,1965
38015,38,Garachico,4940
38016,38,Garafía,2015
38017,38,Granadilla de Abona,58752
38018,38,"Guancha, La",5667
38019,38,Guía de Isora,22654
38020,38,Güímar,22009
38021,38,Hermigua,1961
38022,38,Icod de los Vinos,24616
38023,38,San Cristóbal de La Laguna,161108
38024,38,"Llanos de Aridane, Los",20582
38025,38,"Matanza de Acentejo, La",9089
38026,38,"Orotava, La",42514
38027,38,"Paso, El",8290
38028,38,Puerto de la Cruz,31137
38029,38,Puntagorda,2345
38030,38,Puntallana,2790
38031,38,"Realejos, Los",37867
38032,38,"Rosario, El",17958
38033,38,San Andrés y Sauces,4350
38034,38,San Juan de la Rambla,4987
38035,38,San Miguel de Abona,23960
38036,38,San Sebastián de la Gomera,9574
38037,38,Santa Cruz de la Palma,15690
38038,38,Santa Cruz de Tenerife,211957
38039,38,Santa Úrsula,15429
38040,38,Santiago del Teide,12582
38041,38,"Sauzal, El",9345
38042,38,"Silos, Los",4773
38043,38,Tacoronte,24619
38044,38,"Tanque, El",2787
38045,38,Tazacorte,4549
38046,38,Tegueste,11490
38047,38,Tijarafe,2733
38048,38,Valverde,5338
38049,38,Valle Gran Rey,4830
38050,38,Vallehermoso,2938
38051,38,"Victoria de Acentejo, La",9448
38052,38,Vilaflor de Chasna,1930
38053,38,Villa de Mazo,5131
38901,38,"Pinar de El Hierro, El",2042
39001,39,Alfoz de Lloredo,2500
39002,39,Ampuero,4518
39003,39,Anievas,274
39004,39,Arenas de Iguña,1735
39005,39,Argoños,1884
39006,39,Arnuero,2300
39007,39,Arredondo,478
39008,39,"Astillero, El",18448
39009,39,Bárcena de Cicero,4907
39010,39,Bárcena de Pie de Concha,675
39011,39,Bareyo,2124
39012,39,Cabezón de la Sal,8226
39013,39,Cabezón de Liébana,530
39014,39,Cabuérniga,976
39015,39,Camaleño,964
39016,39,Camargo,30577
39017,39,Campoo de Yuso,680
39018,39,Cartes,5874
39019,39,Castañeda,3290
39020,39,Castro-Urdiales,33450
39021,39,Cieza,528
39022,39,Cillorigo de Liébana,1386
39023,39,Colindres,8570
39024,39,Comillas,2075
39025,39,"Corrales de Buelna, Los",10958
39026,39,Corvera de Toranzo,2204
39027,39,Campoo de Enmedio,3729
39028,39,Entrambasaguas,5693
39029,39,Escalante,716
39030,39,Guriezo,2496
39031,39,Hazas de Cesto,1957
39032,39,Hermandad de Campoo de Suso,1619
39033,39,Herrerías,570
39034,39,Lamasón,237
39035,39,Laredo,10698
39036,39,Liendo,1218
39037,39,Liérganes,2365
39038,39,Limpias,1983
39039,39,Luena,600
39040,39,Marina de Cudeyo,5221
39041,39,Mazcuerras,2068
39042,39,Medio Cudeyo,7775
39043,39,Meruelo,2321
39044,39,Miengo,5265
39045,39,Miera,397
39046,39,Molledo,1482
39047,39,Noja,2661
39048,39,Penagos,2253
39049,39,Peñarrubia,301
39050,39,Pesaguero,275
39051,39,Pesquera,72
39052,39,Piélagos,26901
39053,39,Polaciones,209
39054,39,Polanco,6304
39055,39,Potes,1323
39056,39,Puente Viesgo,2893
39057,39,Ramales de la Victoria,3099
39058,39,Rasines,980
39059,39,Reinosa,8570
39060,39,Reocín,8389
39061,39,Ribamontán al Mar,4605
39062,39,Ribamontán al Monte,2535
39063,39,Rionansa,1022
39064,39,Riotuerto,1682
39065,39,"Rozas de Valdearroyo, Las",258
39066,39,Ruente,1083
39067,39,Ruesga,810
39068,39,Ruiloba,769
39069,39,San Felices de Buelna,2379
39070,39,San Miguel de Aguayo,164
39071,39,San Pedro del Romeral,432
39072,39,San Roque de Riomiera,333
39073,39,Santa Cruz de Bezana,13904
39074,39,Santa María de Cayón,9538
39075,39,Santander,175425
39076,39,Santillana del Mar,4189
39077,39,Santiurde de Reinosa,254
39078,39,Santiurde de Toranzo,1726
39079,39,Santoña,10835
39080,39,San Vicente de la Barquera,3995
39081,39,Saro,480
39082,39,Selaya,1868
39083,39,Soba,1057
39084,39,Solórzano,1144
39085,39,Suances,9034
39086,39,"Tojos, Los",369
39087,39,Torrelavega,51796
39088,39,Tresviso,52
39089,39,Tudanca,154
39090,39,Udías,960
39091,39,Valdáliga,2135
39092,39,Valdeolea,869
39093,39,Valdeprado del Río,306
39094,39,Valderredible,922
39095,39,Val de San Vicente,2775
39096,39,Vega de Liébana,676
39097,39,Vega de Pas,776
39098,39,Villacarriedo,1670
39099,39,Villaescusa,3970
39100,39,Villafufre,1022
39101,39,Valle de Villaverde,249
39102,39,Voto,2971
40001,40,Abades,849
40002,40,Adrada de Pirón,39
40003,40,Adrados,113
40004,40,Aguilafuente,564
40005,40,Alconada de Maderuelo,23
40006,40,Aldealcorvo,15
40007,40,Aldealengua de Pedraza,78
40008,40,Aldealengua de Santa María,50
40009,40,Aldeanueva de la Serrezuela,42
40010,40,Aldeanueva del Codonal,105
40012,40,Aldea Real,275
40013,40,Aldeasoña,61
40014,40,Aldehorno,64
40015,40,Aldehuela del Codonal,24
40016,40,Aldeonte,55
40017,40,Anaya,111
40018,40,Añe,67
40019,40,Arahuetes,31
40020,40,Arcones,179
40021,40,Arevalillo de Cega,18
40022,40,Armuña,253
40024,40,Ayllón,1110
40025,40,Barbolla,142
40026,40,Basardilla,136
40028,40,Bercial,102
40029,40,Bercimuel,34
40030,40,Bernardos,462
40031,40,Bernuy de Porreros,1342
40032,40,Boceguillas,746
40033,40,Brieva,93
40034,40,Caballar,78
40035,40,Cabañas de Polendos,202
40036,40,Cabezuela,655
40037,40,Calabazas de Fuentidueña,23
40039,40,Campo de San Pedro,257
40040,40,Cantalejo,3619
40041,40,Cantimpalos,1533
40043,40,Carbonero el Mayor,2463
40044,40,Carrascal del Río,143
40045,40,Casla,155
40046,40,Castillejo de Mesleón,119
40047,40,Castro de Fuentidueña,41
40048,40,Castrojimeno,27
40049,40,Castroserna de Abajo,31
40051,40,Castroserracín,24
40052,40,Cedillo de la Torre,80
40053,40,Cerezo de Abajo,150
40054,40,Cerezo de Arriba,119
40055,40,Cilleruelo de San Mamés,41
40056,40,Cobos de Fuentidueña,25
40057,40,Coca,1706
40058,40,Codorniz,294
40059,40,Collado Hermoso,116
40060,40,Condado de Castilnovo,74
40061,40,Corral de Ayllón,76
40062,40,Cubillo,74
40063,40,Cuéllar,9527
40065,40,Chañe,739
40068,40,Domingo García,29
40069,40,Donhierro,73
40070,40,Duruelo,172
40071,40,Encinas,39
40072,40,Encinillas,358
40073,40,Escalona del Prado,475
40074,40,Escarabajosa de Cabezas,269
40075,40,Escobar de Polendos,172
40076,40,"Espinar, El",10409
40077,40,Espirdo,1613
40078,40,Fresneda de Cuéllar,162
40079,40,Fresno de Cantespino,290
40080,40,Fresno de la Fuente,75
40081,40,Frumales,120
40082,40,Fuente de Santa Cruz,105
40083,40,Fuente el Olmo de Fuentidueña,396
40084,40,Fuente el Olmo de Íscar,51
40086,40,Fuentepelayo,764
40087,40,Fuentepiñel,63
40088,40,Fuenterrebollo,313
40089,40,Fuentesaúco de Fuentidueña,216
40091,40,Fuentesoto,96
40092,40,Fuentidueña,125
40093,40,Gallegos,96
40094,40,Garcillán,513
40095,40,Gomezserracín,614
40097,40,Grajera,252
40099,40,Honrubia de la Cuesta,49
40100,40,Hontalbilla,277
40101,40,Hontanares de Eresma,1680
40103,40,"Huertos, Los",173
40104,40,Ituero y Lama,492
40105,40,Juarros de Riomoros,53
40106,40,Juarros de Voltoya,185
40107,40,Labajos,105
40108,40,Laguna de Contreras,111
40109,40,Languilla,79
40110,40,Lastras de Cuéllar,295
40111,40,Lastras del Pozo,55
40112,40,"Lastrilla, La",4781
40113,40,"Losa, La",543
40115,40,Maderuelo,100
40118,40,Marazuela,58
40119,40,Martín Miguel,276
40120,40,Martín Muñoz de la Dehesa,309
40121,40,Martín Muñoz de las Posadas,251
40122,40,Marugán,775
40123,40,Matabuena,204
40124,40,Mata de Cuéllar,261
40125,40,"Matilla, La",72
40126,40,Melque de Cercos,58
40127,40,Membibre de la Hoz,42
40128,40,Migueláñez,136
40129,40,Montejo de Arévalo,158
40130,40,Montejo de la Vega de la Serrezuela,121
40131,40,Monterrubio,51
40132,40,Moral de Hornuez,38
40134,40,Mozoncillo,916
40135,40,Muñopedro,298
40136,40,Muñoveros,138
40138,40,Nava de la Asunción,2806
40139,40,Navafría,282
40140,40,Navalilla,90
40141,40,Navalmanzano,1041
40142,40,Navares de Ayuso,58
40143,40,Navares de Enmedio,90
40144,40,Navares de las Cuevas,22
40145,40,Navas de Oro,1305
40146,40,Navas de San Antonio,368
40148,40,Nieva,256
40149,40,Olombrada,490
40150,40,Orejana,61
40151,40,Ortigosa de Pestaño,51
40152,40,Otero de Herreros,987
40154,40,Pajarejos,22
40155,40,Palazuelos de Eresma,6107
40156,40,Pedraza,335
40157,40,Pelayos del Arroyo,45
40158,40,Perosillo,21
40159,40,Pinarejos,205
40160,40,Pinarnegrillo,98
40161,40,Carabias,55
40162,40,Prádena,473
40163,40,Puebla de Pedraza,56
40164,40,Rapariegos,187
40165,40,Rebollo,70
40166,40,Remondo,329
40168,40,Riaguas de San Bartolomé,28
40170,40,Riaza,2128
40171,40,Ribota,40
40172,40,Riofrío de Riaza,29
40173,40,Roda de Eresma,260
40174,40,Sacramenia,324
40176,40,Samboal,459
40177,40,San Cristóbal de Cuéllar,161
40178,40,San Cristóbal de la Vega,81
40179,40,Sanchonuño,1053
40180,40,Sangarcía,281
40181,40,Real Sitio de San Ildefonso,5217
40182,40,San Martín y Mudrián,263
40183,40,San Miguel de Bernuy,119
40184,40,San Pedro de Gaíllos,315
40185,40,Santa María la Real de Nieva,906
40186,40,Santa Marta del Cerro,45
40188,40,Santiuste de Pedraza,81
40189,40,Santiuste de San Juan Bautista,534
40190,40,Santo Domingo de Pirón,51
40191,40,Santo Tomé del Puerto,230
40192,40,Sauquillo de Cabezas,135
40193,40,Sebúlcor,239
40194,40,Segovia,52375
40195,40,Sepúlveda,979
40196,40,Sequera de Fresno,42
40198,40,Sotillo,31
40199,40,Sotosalbos,132
40200,40,Tabanera la Luenga,51
40201,40,Tolocirio,38
40202,40,Torreadrada,53
40203,40,Torrecaballeros,1505
40204,40,Torrecilla del Pinar,188
40205,40,Torreiglesias,257
40206,40,Torre Val de San Pedro,165
40207,40,Trescasas,1130
40208,40,Turégano,1007
40210,40,Urueñas,105
40211,40,Valdeprados,63
40212,40,Valdevacas de Montejo,29
40213,40,Valdevacas y Guijar,83
40214,40,Valseca,208
40215,40,Valtiendas,75
40216,40,Valverde del Majano,1097
40218,40,Valle de Tabladillo,78
40219,40,Vallelado,750
40220,40,Valleruela de Pedraza,61
40221,40,Valleruela de Sepúlveda,48
40222,40,Veganzones,211
40223,40,Vegas de Matute,370
40224,40,Ventosilla y Tejadilla,17
40225,40,Villacastín,1567
40228,40,Villaverde de Íscar,579
40229,40,Villaverde de Montejo,22
40230,40,Villeguillo,129
40231,40,Yanguas de Eresma,117
40233,40,Zarzuela del Monte,507
40234,40,Zarzuela del Pinar,408
40901,40,Ortigosa del Monte,608
40902,40,Cozuelos de Fuentidueña,102
40903,40,Marazoleja,98
40904,40,Navas de Riofrío,430
40905,40,Cuevas de Provanco,131
40906,40,San Cristóbal de Segovia,3161
41001,41,Aguadulce,2109
41002,41,Alanís,1638
41003,41,Albaida del Aljarafe,3220
41004,41,Alcalá de Guadaíra,77474
41005,41,Alcalá del Río,12335
41006,41,Alcolea del Río,3265
41007,41,"Algaba, La",16803
41008,41,Algámitas,1258
41009,41,Almadén de la Plata,1328
41010,41,Almensilla,6646
41011,41,Arahal,19546
41012,41,Aznalcázar,4875
41013,41,Aznalcóllar,6096
41014,41,Badolatosa,3058
41015,41,Benacazón,7363
41016,41,Bollullos de la Mitación,11431
41017,41,Bormujos,23071
41018,41,Brenes,12975
41019,41,Burguillos,7448
41020,41,"Cabezas de San Juan, Las",16388
41021,41,Camas,29089
41022,41,"Campana, La",5122
41023,41,Cantillana,10780
41024,41,Carmona,30240
41025,41,Carrión de los Céspedes,2647
41026,41,Casariche,5291
41027,41,Castilblanco de los Arroyos,5145
41028,41,Castilleja de Guzmán,2843
41029,41,Castilleja de la Cuesta,17074
41030,41,Castilleja del Campo,611
41031,41,"Castillo de las Guardas, El",1501
41032,41,Cazalla de la Sierra,4626
41033,41,Constantina,5745
41034,41,Coria del Río,31278
41035,41,Coripe,1218
41036,41,"Coronil, El",4659
41037,41,"Corrales, Los",4021
41038,41,Dos Hermanas,142519
41039,41,Écija,39659
41040,41,Espartinas,16479
41041,41,Estepa,12430
41042,41,Fuentes de Andalucía,7247
41043,41,"Garrobo, El",800
41044,41,Gelves,10548
41045,41,Gerena,7971
41046,41,Gilena,3647
41047,41,Gines,13634
41048,41,Guadalcanal,2544
41049,41,Guillena,14260
41050,41,Herrera,6575
41051,41,Huévar del Aljarafe,3388
41052,41,Lantejuela,3857
41053,41,Lebrija,27788
41054,41,Lora de Estepa,890
41055,41,Lora del Río,18122
41056,41,"Luisiana, La",4618
41057,41,"Madroño, El",286
41058,41,Mairena del Alcor,24339
41059,41,Mairena del Aljarafe,48017
41060,41,Marchena,19405
41061,41,Marinaleda,2562
41062,41,Martín de la Jara,2627
41063,41,"Molares, Los",3659
41064,41,Montellano,7032
41065,41,Morón de la Frontera,27210
41066,41,"Navas de la Concepción, Las",1501
41067,41,Olivares,9537
41068,41,Osuna,17396
41069,41,"Palacios y Villafranca, Los",38761
41070,41,Palomares del Río,9421
41071,41,Paradas,6762
41072,41,Pedrera,5057
41073,41,"Pedroso, El",2062
41074,41,Peñaflor,3628
41075,41,Pilas,14222
41076,41,Pruna,2461
41077,41,"Puebla de Cazalla, La",10830
41078,41,"Puebla de los Infantes, La",2949
41079,41,"Puebla del Río, La",11903
41080,41,"Real de la Jara, El",1517
41081,41,"Rinconada, La",40724
41082,41,"Roda de Andalucía, La",4168
41083,41,"Ronquillo, El",1453
41084,41,"Rubio, El",3287
41085,41,Salteras,5604
41086,41,San Juan de Aznalfarache,23408
41087,41,Sanlúcar la Mayor,14648
41088,41,San Nicolás del Puerto,604
41089,41,Santiponce,8634
41090,41,"Saucejo, El",4189
41091,41,Sevilla,689423
41092,41,Tocina,9431
41093,41,Tomares,25432
41094,41,Umbrete,9455
41095,41,Utrera,52403
41096,41,Valencina de la Concepción,8050
41097,41,Villamanrique de la Condesa,4694
41098,41,Villanueva del Ariscal,6965
41099,41,Villanueva del Río y Minas,5073
41100,41,Villanueva de San Juan,986
41101,41,Villaverde del Río,7885
41102,41,"Viso del Alcor, El",19458
41901,41,Cañada Rosal,3481
41902,41,Isla Mayor,5748
41903,41,"Cuervo de Sevilla, El",8783
41904,41,"Palmar de Troya, El",2301
42001,42,Abejar,287
42003,42,Adradas,65
42004,42,Ágreda,3133
42006,42,Alconaba,198
42007,42,Alcubilla de Avellaneda,111
42008,42,Alcubilla de las Peñas,61
42009,42,Aldealafuente,85
42010,42,Aldealices,22
42011,42,Aldealpozo,18
42012,42,Aldealseñor,29
42013,42,Aldehuela de Periáñez,27
42014,42,"Aldehuelas, Las",58
42015,42,Alentisque,23
42016,42,Aliud,20
42017,42,Almajano,179
42018,42,Almaluez,113
42019,42,Almarza,601
42020,42,Almazán,5544
42021,42,Almazul,61
42022,42,Almenar de Soria,233
42023,42,Alpanseque,52
42024,42,Arancón,73
42025,42,Arcos de Jalón,1531
42026,42,Arenillas,29
42027,42,Arévalo de la Sierra,71
42028,42,Ausejo de la Sierra,113
42029,42,Baraona,117
42030,42,Barca,116
42031,42,Barcones,25
42032,42,Bayubas de Abajo,148
42033,42,Bayubas de Arriba,56
42034,42,Beratón,38
42035,42,Berlanga de Duero,810
42036,42,Blacos,36
42037,42,Bliecos,25
42038,42,Borjabad,29
42039,42,Borobia,218
42041,42,Buberos,27
42042,42,Buitrago,68
42043,42,Burgo de Osma-Ciudad de Osma,5283
42044,42,Cabrejas del Campo,48
42045,42,Cabrejas del Pinar,288
42046,42,Calatañazor,43
42048,42,Caltojar,53
42049,42,Candilichera,99
42050,42,Cañamaque,29
42051,42,Carabantes,21
42052,42,Caracena,13
42053,42,Carrascosa de Abajo,18
42054,42,Carrascosa de la Sierra,19
42055,42,Casarejos,145
42056,42,Castilfrío de la Sierra,35
42057,42,Castilruiz,170
42058,42,Castillejo de Robledo,100
42059,42,Centenera de Andaluz,19
42060,42,Cerbón,27
42061,42,Cidones,313
42062,42,Cigudosa,14
42063,42,Cihuela,35
42064,42,Ciria,67
42065,42,Cirujales del Río,21
42068,42,Coscurita,69
42069,42,Covaleda,1560
42070,42,Cubilla,22
42071,42,Cubo de la Solana,177
42073,42,Cueva de Ágreda,67
42075,42,Dévanos,72
42076,42,Deza,162
42078,42,Duruelo de la Sierra,1035
42079,42,Escobosa de Almazán,19
42080,42,Espeja de San Marcelino,160
42081,42,Espejón,122
42082,42,Estepa de San Juan,13
42083,42,Frechilla de Almazán,20
42084,42,Fresno de Caracena,16
42085,42,Fuentearmegil,148
42086,42,Fuentecambrón,29
42087,42,Fuentecantos,65
42088,42,Fuentelmonge,58
42089,42,Fuentelsaz de Soria,65
42090,42,Fuentepinilla,73
42092,42,Fuentes de Magaña,47
42093,42,Fuentestrún,55
42094,42,Garray,794
42095,42,Golmayo,3085
42096,42,Gómara,286
42097,42,Gormaz,18
42098,42,Herrera de Soria,12
42100,42,Hinojosa del Campo,24
42103,42,Langa de Duero,696
42105,42,Liceras,49
42106,42,"Losilla, La",12
42107,42,Magaña,61
42108,42,Maján,10
42110,42,Matalebreras,81
42111,42,Matamala de Almazán,251
42113,42,Medinaceli,686
42115,42,Miño de Medinaceli,73
42116,42,Miño de San Esteban,43
42117,42,Molinos de Duero,162
42118,42,Momblona,19
42119,42,Monteagudo de las Vicarías,169
42120,42,Montejo de Tiermes,134
42121,42,Montenegro de Cameros,43
42123,42,Morón de Almazán,196
42124,42,Muriel de la Fuente,53
42125,42,Muriel Viejo,73
42127,42,Nafría de Ucero,35
42128,42,Narros,68
42129,42,Navaleno,698
42130,42,Nepas,49
42131,42,Nolay,45
42132,42,Noviercas,156
42134,42,Ólvega,3782
42135,42,Oncala,61
42139,42,Pinilla del Campo,17
42140,42,Portillo de Soria,11
42141,42,"Póveda de Soria, La",108
42142,42,Pozalmuro,49
42144,42,Quintana Redonda,499
42145,42,Quintanas de Gormaz,119
42148,42,Quiñonería,10
42149,42,"Rábanos, Los",470
42151,42,Rebollar,36
42152,42,Recuerda,61
42153,42,Rello,21
42154,42,Renieblas,107
42155,42,Retortillo de Soria,126
42156,42,Reznos,21
42157,42,"Riba de Escalote, La",9
42158,42,Rioseco de Soria,123
42159,42,Rollamienta,49
42160,42,"Royo, El",248
42161,42,Salduero,148
42162,42,San Esteban de Gormaz,2962
42163,42,San Felices,55
42164,42,San Leonardo de Yagüe,1954
42165,42,San Pedro Manrique,626
42166,42,Santa Cruz de Yanguas,56
42167,42,Santa María de Huerta,239
42168,42,Santa María de las Hoyas,112
42171,42,Serón de Nágima,125
42172,42,Soliedra,37
42173,42,Soria,41025
42174,42,Sotillo del Rincón,171
42175,42,Suellacabras,32
42176,42,Tajahuerce,22
42177,42,Tajueco,61
42178,42,Talveila,105
42181,42,Tardelcuende,414
42182,42,Taroda,45
42183,42,Tejado,100
42184,42,Torlengua,43
42185,42,Torreblacos,28
42187,42,Torrubia de Soria,52
42188,42,Trévago,47
42189,42,Ucero,80
42190,42,Vadillo,81
42191,42,Valdeavellano de Tera,222
42192,42,Valdegeña,36
42193,42,Valdelagua del Cerro,13
42194,42,Valdemaluque,139
42195,42,Valdenebro,85
42196,42,Valdeprado,8
42197,42,Valderrodilla,59
42198,42,Valtajeros,16
42200,42,Velamazán,66
42201,42,Velilla de la Sierra,26
42202,42,Velilla de los Ajos,15
42204,42,Viana de Duero,47
42205,42,Villaciervos,86
42206,42,Villanueva de Gormaz,6
42207,42,Villar del Ala,50
42208,42,Villar del Campo,29
42209,42,Villar del Río,155
42211,42,"Villares de Soria, Los",72
42212,42,Villasayas,59
42213,42,Villaseca de Arciel,23
42215,42,Vinuesa,826
42216,42,Vizmanos,31
42217,42,Vozmediano,29
42218,42,Yanguas,104
42219,42,Yelo,40
43001,43,Aiguamúrcia,987
43002,43,Albinyana,2718
43003,43,"Albiol, L'",557
43004,43,Alcanar,10104
43005,43,Alcover,5362
43006,43,Aldover,901
43007,43,"Aleixar, L'",1009
43008,43,Alfara de Carles,355
43009,43,Alforja,2024
43010,43,Alió,496
43011,43,Almoster,1384
43012,43,Altafulla,5870
43013,43,"Ametlla de Mar, L'",7446
43014,43,Amposta,23080
43015,43,Arbolí,138
43016,43,"Arboç, L'",5721
43017,43,"Argentera, L'",139
43018,43,Arnes,461
43019,43,Ascó,1589
43020,43,Banyeres del Penedès,3395
43021,43,Barberà de la Conca,476
43022,43,Batea,1875
43023,43,Bellmunt del Priorat,290
43024,43,Bellvei,2460
43025,43,Benifallet,706
43026,43,Benissanet,1186
43027,43,"Bisbal de Montsant, La",214
43028,43,"Bisbal del Penedès, La",4278
43029,43,Blancafort,392
43030,43,Bonastre,777
43031,43,"Borges del Camp, Les",2319
43032,43,Bot,548
43033,43,Botarell,1161
43034,43,Bràfim,697
43035,43,Cabacés,296
43036,43,Cabra del Camp,1388
43037,43,Calafell,32624
43038,43,Cambrils,37042
43039,43,Capafonts,101
43040,43,Capçanes,444
43041,43,Caseres,250
43042,43,Castellvell del Camp,3002
43043,43,"Catllar, El",5375
43044,43,"Sénia, La",5516
43045,43,Colldejou,155
43046,43,Conesa,111
43047,43,Constantí,7108
43048,43,Corbera d'Ebre,1023
43049,43,Cornudella de Montsant,999
43050,43,Creixell,4261
43051,43,Cunit,16385
43052,43,Xerta,1180
43053,43,Duesaigües,217
43054,43,"Espluga de Francolí, L'",3863
43055,43,Falset,2890
43056,43,"Fatarella, La",840
43057,43,"Febró, La",35
43058,43,"Figuera, La",115
43059,43,Figuerola del Camp,342
43060,43,Flix,3340
43061,43,Forès,38
43062,43,Freginals,443
43063,43,"Galera, La",726
43064,43,Gandesa,3150
43065,43,Garcia,551
43066,43,"Garidells, Els",211
43067,43,Ginestar,800
43068,43,Godall,591
43069,43,Gratallops,226
43070,43,"Guiamets, Els",254
43071,43,Horta de Sant Joan,1150
43072,43,"Lloar, El",99
43073,43,Llorac,105
43074,43,Llorenç del Penedès,2425
43075,43,Margalef,106
43076,43,Marçà,623
43077,43,Mas de Barberans,535
43078,43,Masdenverge,1138
43079,43,Masllorenç,573
43080,43,"Masó, La",307
43081,43,Maspujols,915
43082,43,"Masroig, El",473
43083,43,"Milà, El",194
43084,43,Miravet,703
43085,43,"Molar, El",295
43086,43,Montblanc,7542
43088,43,Montbrió del Camp,3157
43089,43,Montferri,502
43090,43,"Montmell, El",1958
43091,43,Mont-ral,174
43092,43,Mont-roig del Camp,14615
43093,43,Móra d'Ebre,5811
43094,43,Móra la Nova,3350
43095,43,"Morell, El",3811
43096,43,"Morera de Montsant, La",150
43097,43,"Nou de Gaià, La",603
43098,43,Nulles,551
43099,43,"Palma d'Ebre, La",333
43100,43,"Pallaresos, Els",5028
43101,43,Passanant i Belltall,149
43102,43,Paüls,558
43103,43,Perafort,1342
43104,43,"Perelló, El",2948
43105,43,"Piles, Les",229
43106,43,"Pinell de Brai, El",948
43107,43,Pira,512
43108,43,"Pla de Santa Maria, El",2408
43109,43,"Pobla de Mafumet, La",4175
43110,43,"Pobla de Massaluca, La",344
43111,43,"Pobla de Montornès, La",3440
43112,43,Poboleda,345
43113,43,"Pont d'Armentera, El",500
43114,43,Porrera,405
43115,43,Pradell de la Teixeta,182
43116,43,Prades,629
43117,43,Prat de Comte,174
43118,43,Pratdip,781
43119,43,Puigpelat,1222
43120,43,Querol,611
43121,43,Rasquera,786
43122,43,Renau,165
43123,43,Reus,111601
43124,43,"Riba, La",574
43125,43,Riba-roja d'Ebre,1132
43126,43,"Riera de Gaià, La",1834
43127,43,Riudecanyes,1362
43128,43,Riudecols,1264
43129,43,Riudoms,6891
43130,43,Rocafort de Queralt,247
43131,43,Roda de Berà,8260
43132,43,Rodonyà,519
43133,43,Roquetes,8607
43134,43,"Rourell, El",385
43135,43,Salomó,519
43136,43,"Ràpita, La",16119
43137,43,Sant Jaume dels Domenys,2819
43138,43,Santa Bàrbara,3871
43139,43,Santa Coloma de Queralt,2795
43140,43,Santa Oliva,3711
43141,43,Pontils,124
43142,43,Sarral,1644
43143,43,Savallà del Comtat,49
43144,43,"Secuita, La",1845
43145,43,"Selva del Camp, La",5732
43146,43,Senan,47
43147,43,Solivella,633
43148,43,Tarragona,143649
43149,43,Tivenys,948
43150,43,Tivissa,1658
43151,43,"Torre de Fontaubella, La",124
43152,43,"Torre de l'Espanyol, La",641
43153,43,Torredembarra,18237
43154,43,Torroja del Priorat,129
43155,43,Tortosa,35997
43156,43,Ulldecona,6714
43157,43,Ulldemolins,389
43158,43,Vallclara,91
43159,43,Vallfogona de Riucorb,95
43160,43,Vallmoll,1997
43161,43,Valls,25518
43162,43,Vandellòs i l'Hospitalet de l'Infant,7143
43163,43,"Vendrell, El",41133
43164,43,Vespella de Gaià,502
43165,43,Vilabella,724
43166,43,Vilallonga del Camp,2495
43167,43,Vilanova d'Escornalbou,614
43168,43,Vilanova de Prades,111
43169,43,Vilaplana,549
43170,43,Vila-rodona,1382
43171,43,Vila-seca,23917
43172,43,Vilaverd,493
43173,43,"Vilella Alta, La",127
43174,43,"Vilella Baixa, La",201
43175,43,Vilalba dels Arcs,611
43176,43,Vimbodí i Poblet,887
43177,43,Vinebre,427
43178,43,Vinyols i els Arcs,2450
43901,43,Deltebre,12041
43902,43,Sant Jaume d'Enveja,3745
43903,43,Camarles,3465
43904,43,"Aldea, L'",4657
43905,43,Salou,31491
43906,43,"Ampolla, L'",3785
43907,43,"Canonja, La",6001
44001,44,Ababuj,73
44002,44,Abejuela,62
44003,44,Aguatón,18
44004,44,Aguaviva,562
44005,44,Aguilar del Alfambra,82
44006,44,Alacón,204
44007,44,Alba,186
44008,44,Albalate del Arzobispo,1936
44009,44,Albarracín,998
44010,44,Albentosa,290
44011,44,Alcaine,38
44012,44,Alcalá de la Selva,382
44013,44,Alcañiz,16505
44014,44,Alcorisa,3243
44016,44,Alfambra,485
44017,44,Aliaga,344
44018,44,Almohaja,10
44019,44,Alobras,63
44020,44,Alpeñés,27
44021,44,Allepuz,123
44022,44,Alloza,556
44023,44,Allueva,31
44024,44,Anadón,35
44025,44,Andorra,7223
44026,44,Arcos de las Salinas,105
44027,44,Arens de Lledó,181
44028,44,Argente,204
44029,44,Ariño,605
44031,44,Azaila,94
44032,44,Bádenas,28
44033,44,Báguena,278
44034,44,Bañón,152
44035,44,Barrachina,113
44036,44,Bea,30
44037,44,Beceite,572
44038,44,Belmonte de San José,114
44039,44,Bello,204
44040,44,Berge,218
44041,44,Bezas,73
44042,44,Blancas,132
44043,44,Blesa,74
44044,44,Bordón,116
44045,44,Bronchales,465
44046,44,Bueña,65
44047,44,Burbáguena,396
44048,44,Cabra de Mora,66
44049,44,Calaceite,961
44050,44,Calamocha,4655
44051,44,Calanda,3745
44052,44,Calomarde,76
44053,44,Camañas,136
44054,44,Camarena de la Sierra,137
44055,44,Camarillas,100
44056,44,Caminreal,606
44059,44,Cantavieja,729
44060,44,Cañada de Benatanduz,40
44061,44,"Cañada de Verich, La",72
44062,44,Cañada Vellida,36
44063,44,Cañizar del Olivar,112
44064,44,Cascante del Río,73
44065,44,Castejón de Tornos,64
44066,44,Castel de Cabra,79
44067,44,Castelnou,94
44068,44,Castelserás,804
44070,44,"Castellar, El",54
44071,44,Castellote,665
44074,44,Cedrillas,652
44075,44,Celadas,331
44076,44,Cella,2702
44077,44,"Cerollera, La",77
44080,44,"Codoñera, La",312
44082,44,Corbalán,117
44084,44,Cortes de Aragón,62
44085,44,Cosa,63
44086,44,Cretas,559
44087,44,Crivillén,92
44088,44,"Cuba, La",53
44089,44,Cubla,56
44090,44,Cucalón,77
44092,44,"Cuervo, El",88
44093,44,Cuevas de Almudén,119
44094,44,Cuevas Labradas,126
44096,44,Ejulve,172
44097,44,Escorihuela,130
44099,44,Escucha,788
44100,44,Estercuel,198
44101,44,Ferreruela de Huerva,81
44102,44,Fonfría,35
44103,44,Formiche Alto,156
44105,44,Fórnoles,71
44106,44,Fortanete,195
44107,44,Foz-Calanda,272
44108,44,"Fresneda, La",459
44109,44,Frías de Albarracín,109
44110,44,Fuenferrada,38
44111,44,Fuentes Calientes,89
44112,44,Fuentes Claras,428
44113,44,Fuentes de Rubielos,148
44114,44,Fuentespalda,305
44115,44,Galve,149
44116,44,Gargallo,88
44117,44,Gea de Albarracín,459
44118,44,"Ginebrosa, La",188
44119,44,Griegos,154
44120,44,Guadalaviar,238
44121,44,Gúdar,73
44122,44,Híjar,1766
44123,44,Hinojosa de Jarque,104
44124,44,"Hoz de la Vieja, La",85
44125,44,Huesa del Común,55
44126,44,"Iglesuela del Cid, La",357
44127,44,Jabaloyas,66
44128,44,Jarque de la Val,66
44129,44,Jatiel,48
44130,44,Jorcas,42
44131,44,Josa,34
44132,44,Lagueruela,73
44133,44,Lanzuela,24
44135,44,Libros,102
44136,44,Lidón,56
44137,44,Linares de Mora,242
44138,44,Loscos,121
44141,44,Lledó,150
44142,44,Maicas,35
44143,44,Manzanera,530
44144,44,Martín del Río,367
44145,44,Mas de las Matas,1230
44146,44,"Mata de los Olmos, La",255
44147,44,Mazaleón,474
44148,44,Mezquita de Jarque,83
44149,44,Mirambel,110
44150,44,Miravete de la Sierra,31
44151,44,Molinos,232
44152,44,Monforte de Moyuela,84
44153,44,Monreal del Campo,2578
44154,44,Monroyo,324
44155,44,Montalbán,1162
44156,44,Monteagudo del Castillo,43
44157,44,Monterde de Albarracín,62
44158,44,Mora de Rubielos,1752
44159,44,Moscardón,62
44160,44,Mosqueruela,563
44161,44,Muniesa,575
44163,44,Noguera de Albarracín,131
44164,44,Nogueras,36
44165,44,Nogueruelas,188
44167,44,Obón,35
44168,44,Odón,191
44169,44,Ojos Negros,321
44171,44,Olba,286
44172,44,Oliete,351
44173,44,"Olmos, Los",111
44174,44,Orihuela del Tremedal,450
44175,44,Orrios,112
44176,44,Palomar de Arroyos,166
44177,44,Pancrudo,118
44178,44,"Parras de Castellote, Las",61
44179,44,Peñarroya de Tastavins,467
44180,44,Peracense,68
44181,44,Peralejos,89
44182,44,Perales del Alfambra,293
44183,44,Pitarque,62
44184,44,Plou,42
44185,44,"Pobo, El",97
44187,44,"Portellada, La",249
44189,44,Pozondón,53
44190,44,Pozuel del Campo,76
44191,44,"Puebla de Híjar, La",935
44192,44,"Puebla de Valverde, La",485
44193,44,Puertomingalvo,135
44194,44,Ráfales,149
44195,44,Rillo,95
44196,44,Riodeva,113
44197,44,Ródenas,57
44198,44,Royuela,229
44199,44,Rubiales,43
44200,44,Rubielos de la Cérida,20
44201,44,Rubielos de Mora,600
44203,44,Salcedillo,14
44204,44,Saldón,32
44205,44,Samper de Calanda,734
44206,44,San Agustín,132
44207,44,San Martín del Río,135
44208,44,Santa Cruz de Nogueras,24
44209,44,Santa Eulalia,1004
44210,44,Sarrión,1261
44211,44,Segura de los Baños,55
44212,44,Seno,39
44213,44,Singra,76
44215,44,Terriente,198
44216,44,Teruel,36655
44217,44,Toril y Masegoso,31
44218,44,Tormón,29
44219,44,Tornos,175
44220,44,Torralba de los Sisones,145
44221,44,Torrecilla de Alcañiz,436
44222,44,Torrecilla del Rebollar,114
44223,44,Torre de Arcas,76
44224,44,Torre de las Arcas,19
44225,44,Torre del Compte,120
44226,44,Torrelacárcel,131
44227,44,Torre los Negros,77
44228,44,Torremocha de Jiloca,115
44229,44,Torres de Albarracín,187
44230,44,Torrevelilla,161
44231,44,Torrijas,36
44232,44,Torrijo del Campo,501
44234,44,Tramacastiel,62
44235,44,Tramacastilla,133
44236,44,Tronchón,56
44237,44,Urrea de Gaén,455
44238,44,Utrillas,3069
44239,44,Valacloche,33
44240,44,Valbona,187
44241,44,Valdealgorfa,581
44243,44,Valdecuenca,33
44244,44,Valdelinares,82
44245,44,Valdeltormo,304
44246,44,Valderrobres,2555
44247,44,Valjunquera,336
44249,44,"Vallecillo, El",40
44250,44,Veguillas de la Sierra,27
44251,44,Villafranca del Campo,290
44252,44,Villahermosa del Campo,91
44256,44,Villanueva del Rebollar de la Sierra,49
44257,44,Villar del Cobo,158
44258,44,Villar del Salz,58
44260,44,Villarluengo,159
44261,44,Villarquemado,901
44262,44,Villarroya de los Pinares,160
44263,44,Villastar,566
44264,44,Villel,336
44265,44,Vinaceite,176
44266,44,Visiedo,132
44267,44,Vivel del Río Martín,63
44268,44,"Zoma, La",28
45001,45,Ajofrín,2379
45002,45,Alameda de la Sagra,4350
45003,45,Albarreal de Tajo,804
45004,45,Alcabón,792
45005,45,Alcañizo,259
45006,45,Alcaudete de la Jara,1720
45007,45,Alcolea de Tajo,839
45008,45,Aldea en Cabo,184
45009,45,Aldeanueva de Barbarroya,456
45010,45,Aldeanueva de San Bartolomé,404
45011,45,Almendral de la Cañada,341
45012,45,Almonacid de Toledo,991
45013,45,Almorox,2569
45014,45,Añover de Tajo,5454
45015,45,Arcicóllar,1089
45016,45,Argés,7178
45017,45,Azután,286
45018,45,Barcience,1110
45019,45,Bargas,11274
45020,45,Belvís de la Jara,1475
45021,45,Borox,4306
45022,45,Buenaventura,386
45023,45,Burguillos de Toledo,3872
45024,45,Burujón,1344
45025,45,Cabañas de la Sagra,2177
45026,45,Cabañas de Yepes,316
45027,45,Cabezamesada,343
45028,45,Calera y Chozas,4834
45029,45,Caleruela,203
45030,45,Calzada de Oropesa,514
45031,45,Camarena,4848
45032,45,Camarenilla,606
45033,45,"Campillo de la Jara, El",326
45034,45,Camuñas,1742
45035,45,Cardiel de los Montes,406
45036,45,Carmena,771
45037,45,"Carpio de Tajo, El",1948
45038,45,Carranque,5469
45039,45,Carriches,260
45040,45,"Casar de Escalona, El",2280
45041,45,Casarrubios del Monte,7424
45042,45,Casasbuenas,210
45043,45,Castillo de Bayuela,889
45045,45,Cazalegas,2195
45046,45,Cebolla,3270
45047,45,Cedillo del Condado,4525
45048,45,"Cerralbos, Los",452
45049,45,Cervera de los Montes,513
45050,45,Ciruelos,723
45051,45,Cobeja,2719
45052,45,Cobisa,4550
45053,45,Consuegra,9767
45054,45,Corral de Almaguer,5280
45055,45,Cuerva,1226
45056,45,Chozas de Canales,5044
45057,45,Chueca,252
45058,45,Domingo Pérez,418
45059,45,Dosbarrios,2228
45060,45,Erustes,220
45061,45,Escalona,3987
45062,45,Escalonilla,1545
45063,45,Espinoso del Rey,420
45064,45,Esquivias,5833
45065,45,"Estrella, La",251
45066,45,Fuensalida,12669
45067,45,Gálvez,3044
45068,45,Garciotum,220
45069,45,Gerindote,2828
45070,45,Guadamur,1796
45071,45,"Guardia, La",2200
45072,45,"Herencias, Las",821
45073,45,Herreruela de Oropesa,323
45074,45,Hinojosa de San Vicente,363
45075,45,Hontanar,139
45076,45,Hormigos,1035
45077,45,Huecas,890
45078,45,Huerta de Valdecarábanos,1836
45079,45,"Iglesuela del Tiétar, La",448
45080,45,Illán de Vacas,8
45081,45,Illescas,33301
45082,45,Lagartera,1294
45083,45,Layos,931
45084,45,Lillo,2519
45085,45,Lominchar,2989
45086,45,Lucillos,666
45087,45,Madridejos,10088
45088,45,Magán,4384
45089,45,Malpica de Tajo,1655
45090,45,Manzaneque,407
45091,45,Maqueda,548
45092,45,Marjaliza,258
45093,45,Marrupe,166
45094,45,Mascaraque,441
45095,45,"Mata, La",910
45096,45,Mazarambroz,1251
45097,45,Mejorada,1387
45098,45,Menasalbas,2465
45099,45,Méntrida,6495
45100,45,Mesegar de Tajo,199
45101,45,Miguel Esteban,4751
45102,45,Mocejón,5188
45103,45,Mohedas de la Jara,384
45104,45,Montearagón,598
45105,45,Montesclaros,377
45106,45,Mora,10064
45107,45,Nambroca,5263
45108,45,"Nava de Ricomalillo, La",514
45109,45,Navahermosa,3587
45110,45,Navalcán,1859
45111,45,Navalmoralejo,56
45112,45,"Navalmorales, Los",2074
45113,45,"Navalucillos, Los",1889
45114,45,Navamorcuende,581
45115,45,Noblejas,3998
45116,45,Noez,1058
45117,45,Nombela,904
45118,45,Novés,3564
45119,45,Numancia de la Sagra,5674
45120,45,Nuño Gómez,178
45121,45,Ocaña,15560
45122,45,Olías del Rey,9174
45123,45,Ontígola,5101
45124,45,Orgaz,2639
45125,45,Oropesa,2587
45126,45,Otero,436
45127,45,Palomeque,1213
45128,45,Pantoja,3536
45129,45,Paredes de Escalona,133
45130,45,Parrillas,323
45131,45,Pelahustán,335
45132,45,Pepino,3421
45133,45,Polán,3941
45134,45,Portillo de Toledo,2384
45135,45,"Puebla de Almoradiel, La",4950
45136,45,"Puebla de Montalbán, La",8144
45137,45,"Pueblanueva, La",2139
45138,45,"Puente del Arzobispo, El",1143
45139,45,Puerto de San Vicente,141
45140,45,Pulgar,1608
45141,45,Quero,1006
45142,45,Quintanar de la Orden,11355
45143,45,Quismondo,1857
45144,45,"Real de San Vicente, El",966
45145,45,Recas,5037
45146,45,Retamoso de la Jara,109
45147,45,Rielves,900
45148,45,Robledo del Mazo,249
45149,45,"Romeral, El",518
45150,45,San Bartolomé de las Abiertas,637
45151,45,San Martín de Montalbán,778
45152,45,San Martín de Pusa,623
45153,45,San Pablo de los Montes,1627
45154,45,San Román de los Montes,2191
45155,45,Santa Ana de Pusa,345
45156,45,Santa Cruz de la Zarza,4180
45157,45,Santa Cruz del Retamar,4194
45158,45,Santa Olalla,3571
45159,45,Sartajada,104
45160,45,Segurilla,1412
45161,45,Seseña,30907
45162,45,Sevilleja de la Jara,635
45163,45,Sonseca,11452
45164,45,Sotillo de las Palomas,184
45165,45,Talavera de la Reina,83803
45166,45,Tembleque,1992
45167,45,"Toboso, El",1702
45168,45,Toledo,87216
45169,45,Torralba de Oropesa,186
45170,45,Torrecilla de la Jara,227
45171,45,"Torre de Esteban Hambrán, La",1946
45172,45,Torrico,688
45173,45,Torrijos,14307
45174,45,Totanés,361
45175,45,Turleque,702
45176,45,Ugena,5988
45177,45,Urda,2454
45179,45,Valdeverdeja,598
45180,45,Valmojado,4898
45181,45,Velada,2899
45182,45,"Ventas con Peña Aguilera, Las",1090
45183,45,"Ventas de Retamosa, Las",4206
45184,45,"Ventas de San Julián, Las",239
45185,45,Villacañas,9411
45186,45,"Villa de Don Fadrique, La",3519
45187,45,Villafranca de los Caballeros,4884
45188,45,Villaluenga de la Sagra,4308
45189,45,Villamiel de Toledo,1097
45190,45,Villaminaya,518
45191,45,Villamuelas,587
45192,45,Villanueva de Alcardete,2910
45193,45,Villanueva de Bogas,657
45194,45,Villarejo de Montalbán,83
45195,45,Villarrubia de Santiago,2583
45196,45,Villaseca de la Sagra,1910
45197,45,Villasequilla,2673
45198,45,Villatobas,2964
45199,45,"Viso de San Juan, El",6380
45200,45,"Yébenes, Los",5787
45201,45,Yeles,6514
45202,45,Yepes,5820
45203,45,Yuncler,5275
45204,45,Yunclillos,819
45205,45,Yuncos,13189
45901,45,Santo Domingo-Caudilla,1299
46001,46,Ademuz,1015
46002,46,Ador,1755
46003,46,Atzeneta d'Albaida,1193
46004,46,Agullent,2438
46005,46,Alaquàs,30166
46006,46,Albaida,6322
46007,46,Albal,17365
46008,46,Albalat de la Ribera,3523
46009,46,Albalat dels Sorells,4368
46010,46,Albalat dels Tarongers,1574
46011,46,Alberic,11099
46012,46,Alborache,1568
46013,46,Alboraia/Alboraya,26273
46014,46,Albuixech,4482
46015,46,Alcàsser,10772
46016,46,Alcàntera de Xúquer,1468
46017,46,Alzira,48236
46018,46,Alcublas,710
46019,46,"Alcúdia, l'",12587
46020,46,"Alcúdia de Crespins, l'",5548
46021,46,Aldaia,34630
46022,46,Alfafar,22270
46023,46,Alfauir,515
46024,46,Alfara de la Baronia,624
46025,46,Alfara del Patriarca,3740
46026,46,Alfarb,1763
46027,46,Alfarrasí,1173
46028,46,Algar de Palància,565
46029,46,Algemesí,28306
46030,46,Algímia d'Alfara,1115
46031,46,Alginet,14844
46032,46,Almàssera,7887
46033,46,Almiserà,278
46034,46,Almoines,2664
46035,46,Almussafes,9070
46036,46,Alpuente,688
46037,46,"Alqueria de la Comtessa, l'",1547
46038,46,Andilla,338
46039,46,Anna,2600
46040,46,Antella,1130
46041,46,Aras de los Olmos,401
46042,46,Aielo de Malferit,4624
46043,46,Aielo de Rugat,160
46044,46,Ayora,5282
46045,46,Barxeta,1578
46046,46,Barx,1501
46047,46,Bèlgida,651
46048,46,Bellreguard,5032
46049,46,Bellús,317
46050,46,Benagéber,176
46051,46,Benaguasil,12668
46052,46,Benavites,652
46053,46,Beneixida,659
46054,46,Benetússer,16734
46055,46,Beniarjó,1964
46056,46,Beniatjar,209
46057,46,Benicolet,610
46058,46,Benifairó de les Valls,2359
46059,46,Benifairó de la Valldigna,1588
46060,46,Benifaió,12262
46061,46,Beniflá,505
46062,46,Benigànim,5759
46063,46,Benimodo,2332
46064,46,Benimuslem,674
46065,46,Beniparrell,2108
46066,46,Benirredrà,1576
46067,46,Benissanó,2449
46068,46,Benissoda,494
46069,46,Benissuera,196
46070,46,Bétera,28560
46071,46,Bicorp,546
46072,46,Bocairent,4130
46073,46,Bolbaite,1320
46074,46,Bonrepòs i Mirambell,4115
46075,46,Bufali,162
46076,46,Bugarra,774
46077,46,Buñol,9858
46078,46,Burjassot,41299
46079,46,Calles,465
46080,46,Camporrobles,1183
46081,46,Canals,13746
46082,46,Canet d'En Berenguer,8297
46083,46,Carcaixent,21934
46084,46,Càrcer,1795
46085,46,Carlet,16857
46086,46,Carrícola,97
46087,46,Casas Altas,118
46088,46,Casas Bajas,158
46089,46,Casinos,3153
46090,46,Castelló de Rugat,2345
46091,46,Castellonet de la Conquesta,159
46092,46,Castielfabib,284
46093,46,Catadau,3005
46094,46,Catarroja,30604
46095,46,Caudete de las Fuentes,725
46096,46,Cerdà,370
46097,46,Cofrentes,1113
46098,46,Corbera,3266
46099,46,Cortes de Pallás,727
46100,46,Cotes,314
46101,46,Quart de les Valls,1029
46102,46,Quart de Poblet,26967
46103,46,Quartell,1810
46104,46,Quatretonda,2174
46105,46,Cullera,24702
46106,46,Chelva,1863
46107,46,Chella,2452
46108,46,Chera,508
46109,46,Cheste,8951
46110,46,Xirivella,32093
46111,46,Chiva,17951
46112,46,Chulilla,710
46113,46,Daimús,3524
46114,46,Domeño,723
46115,46,Dos Aguas,340
46116,46,"Eliana, l'",19839
46117,46,Emperador,700
46118,46,Enguera,4807
46119,46,"Énova, l'",952
46120,46,Estivella,1710
46121,46,Estubeny,110
46122,46,Faura,3753
46123,46,Favara,2776
46124,46,Fontanars dels Alforins,936
46125,46,Fortaleny,1024
46126,46,Foios,7995
46127,46,"Font d'en Carròs, la",4020
46128,46,"Font de la Figuera, la",2022
46129,46,Fuenterrobles,678
46130,46,Gavarda,1023
46131,46,Gandia,83135
46132,46,"Genovés, el",2822
46133,46,Gestalgar,587
46134,46,Gilet,4011
46135,46,Godella,13533
46136,46,Godelleta,4266
46137,46,"Granja de la Costera, la",306
46138,46,Guadasséquies,478
46139,46,Guadassuar,6039
46140,46,Guardamar de la Safor,622
46141,46,Higueruelas,567
46142,46,Jalance,808
46143,46,Xeraco,6149
46144,46,Jarafuel,788
46145,46,Xàtiva,31008
46146,46,Xeresa,2418
46147,46,Llíria,25333
46148,46,Loriguilla,2188
46149,46,Losa del Obispo,531
46150,46,Llutxent,2314
46151,46,Llocnou d'En Fenollet,944
46152,46,Llocnou de la Corona,132
46153,46,Llocnou de Sant Jeroni,594
46154,46,Llanera de Ranes,1062
46155,46,Llaurí,1226
46156,46,Llombai,2791
46157,46,"Llosa de Ranes, la",3765
46158,46,Macastre,1461
46159,46,Manises,32609
46160,46,Manuel,2560
46161,46,Marines,1967
46162,46,Massalavés,1905
46163,46,Massalfassar,2716
46164,46,Massamagrell,17566
46165,46,Massanassa,10607
46166,46,Meliana,11055
46167,46,Millares,321
46168,46,Miramar,3143
46169,46,Mislata,47079
46170,46,Moixent/Mogente,4401
46171,46,Montcada/Moncada,22213
46172,46,Montserrat,10062
46173,46,Montaverner,1624
46174,46,Montesa,1128
46175,46,Montitxelvo/Montichelvo,556
46176,46,Montroi/Montroy,3792
46177,46,Museros,6871
46178,46,Nàquera/Náquera,8556
46179,46,Navarrés,3027
46180,46,Novetlè,872
46181,46,Oliva,26813
46182,46,Olocau,2534
46183,46,"Olleria, l'",8818
46184,46,Ontinyent,37012
46185,46,Otos,442
46186,46,Paiporta,28136
46187,46,Palma de Gandía,1897
46188,46,Palmera,1038
46189,46,"Palomar, el",593
46190,46,Paterna,76019
46191,46,Pedralba,3225
46192,46,Petrés,1124
46193,46,Picanya,11901
46194,46,Picassent,23202
46195,46,Piles,3151
46196,46,Pinet,156
46197,46,Polinyà de Xúquer,2577
46198,46,Potries,1135
46199,46,"Pobla de Farnals, la",9255
46200,46,"Pobla del Duc, la",2451
46201,46,Puebla de San Miguel,53
46202,46,"Pobla de Vallbona, la",27471
46203,46,"Pobla Llarga, la",4665
46204,46,"Puig de Santa Maria, el",9490
46205,46,Puçol,21659
46206,46,Quesa,691
46207,46,Rafelbunyol,9974
46208,46,Rafelcofer,1409
46209,46,Rafelguaraf,2395
46210,46,Ráfol de Salem,463
46211,46,"Real de Gandia, el",2722
46212,46,Real,2497
46213,46,Requena,20982
46214,46,Riba-roja de Túria,24616
46215,46,Riola,1820
46216,46,Rocafort,7751
46217,46,Rotglà i Corberà,1171
46218,46,Ròtova,1283
46219,46,Rugat,165
46220,46,Sagunt/Sagunto,73031
46221,46,Salem,407
46222,46,Sant Joanet,527
46223,46,Sedaví,10837
46224,46,Segart,180
46225,46,Sellent,383
46226,46,Sempere,33
46227,46,Senyera,1114
46228,46,Serra,3767
46229,46,Siete Aguas,1289
46230,46,Silla,20482
46231,46,Simat de la Valldigna,3311
46232,46,Sinarcas,1176
46233,46,Sollana,5089
46234,46,Sot de Chera,427
46235,46,Sueca,29194
46236,46,Sumacàrcer,1013
46237,46,Tavernes Blanques,9824
46238,46,Tavernes de la Valldigna,17866
46239,46,Teresa de Cofrentes,620
46240,46,Terrateig,290
46241,46,Titaguas,517
46242,46,Torrebaja,398
46243,46,Torrella,151
46244,46,Torrent,90928
46245,46,Torres Torres,808
46246,46,Tous,1354
46247,46,Tuéjar,1278
46248,46,Turís,7717
46249,46,Utiel,11663
46250,46,València,840792
46251,46,Vallada,3091
46252,46,Vallanca,128
46253,46,Vallés,161
46254,46,Venta del Moro,1143
46255,46,Vilallonga/Villalonga,4865
46256,46,Vilamarxant,11403
46257,46,Castelló,6972
46258,46,Villar del Arzobispo,3862
46259,46,Villargordo del Cabriel,588
46260,46,Vinalesa,3572
46261,46,Yátova,2325
46262,46,"Yesa, La",246
46263,46,Zarra,374
46902,46,Gátova,452
46903,46,San Antonio de Benagéber,11192
46904,46,Benicull de Xúquer,1179
47001,47,Adalia,50
47002,47,Aguasal,18
47003,47,Aguilar de Campos,258
47004,47,Alaejos,1427
47005,47,Alcazarén,623
47006,47,Aldea de San Miguel,212
47007,47,Aldeamayor de San Martín,6290
47008,47,Almenara de Adaja,24
47009,47,Amusquillo,95
47010,47,Arroyo de la Encomienda,22800
47011,47,Ataquines,580
47012,47,Bahabón,97
47013,47,Barcial de la Loma,98
47014,47,Barruelo del Valle,51
47015,47,Becilla de Valderaduey,206
47016,47,Benafarces,68
47017,47,Bercero,170
47018,47,Berceruelo,36
47019,47,Berrueces,85
47020,47,Bobadilla del Campo,279
47021,47,Bocigas,75
47022,47,Bocos de Duero,79
47023,47,Boecillo,4446
47024,47,Bolaños de Campos,244
47025,47,Brahojos de Medina,96
47026,47,Bustillo de Chaves,66
47027,47,Cabezón de Pisuerga,3910
47028,47,Cabezón de Valderaduey,24
47029,47,Cabreros del Monte,64
47030,47,Campaspero,1001
47031,47,"Campillo, El",204
47032,47,Camporredondo,143
47033,47,Canalejas de Peñafiel,248
47034,47,Canillas de Esgueva,71
47035,47,Carpio,923
47036,47,Casasola de Arión,205
47037,47,Castrejón de Trabancos,171
47038,47,Castrillo de Duero,108
47039,47,Castrillo-Tejeriego,157
47040,47,Castrobol,43
47041,47,Castrodeza,148
47042,47,Castromembibre,49
47043,47,Castromonte,319
47044,47,Castronuevo de Esgueva,412
47045,47,Castronuño,737
47046,47,Castroponce,128
47047,47,Castroverde de Cerrato,192
47048,47,Ceinos de Campos,172
47049,47,Cervillego de la Cruz,87
47050,47,Cigales,5454
47051,47,Ciguñuela,361
47052,47,Cistérniga,9489
47053,47,Cogeces de Íscar,143
47054,47,Cogeces del Monte,640
47055,47,Corcos,203
47056,47,Corrales de Duero,104
47057,47,Cubillas de Santa Marta,394
47058,47,Cuenca de Campos,179
47059,47,Curiel de Duero,111
47060,47,Encinas de Esgueva,214
47061,47,Esguevillas de Esgueva,257
47062,47,Fombellida,169
47063,47,Fompedraza,113
47064,47,Fontihoyuelo,29
47065,47,Fresno el Viejo,825
47066,47,Fuensaldaña,2146
47067,47,Fuente el Sol,150
47068,47,Fuente-Olmedo,42
47069,47,Gallegos de Hornija,104
47070,47,Gatón de Campos,46
47071,47,Geria,492
47073,47,Herrín de Campos,111
47074,47,Hornillos de Eresma,182
47075,47,Íscar,6493
47076,47,Laguna de Duero,22965
47077,47,Langayo,246
47078,47,Lomoviejo,155
47079,47,Llano de Olmedo,49
47080,47,Manzanillo,48
47081,47,Marzales,45
47082,47,Matapozuelos,977
47083,47,Matilla de los Caños,116
47084,47,Mayorga,1354
47085,47,Medina del Campo,20215
47086,47,Medina de Rioseco,4617
47087,47,Megeces,419
47088,47,Melgar de Abajo,117
47089,47,Melgar de Arriba,161
47090,47,Mojados,3415
47091,47,Monasterio de Vega,79
47092,47,Montealegre de Campos,105
47093,47,Montemayor de Pililla,837
47094,47,Moral de la Reina,129
47095,47,Moraleja de las Panaderas,42
47096,47,Morales de Campos,128
47097,47,Mota del Marqués,342
47098,47,Mucientes,690
47099,47,"Mudarra, La",167
47100,47,Muriel,106
47101,47,Nava del Rey,1924
47102,47,Nueva Villa de las Torres,265
47103,47,Olivares de Duero,328
47104,47,Olmedo,3592
47105,47,Olmos de Esgueva,187
47106,47,Olmos de Peñafiel,35
47109,47,Palazuelo de Vedija,164
47110,47,"Parrilla, La",471
47111,47,"Pedraja de Portillo, La",1186
47112,47,Pedrajas de San Esteban,3434
47113,47,Pedrosa del Rey,147
47114,47,Peñafiel,5143
47115,47,Peñaflor de Hornija,350
47116,47,Pesquera de Duero,403
47117,47,Piña de Esgueva,313
47118,47,Piñel de Abajo,165
47119,47,Piñel de Arriba,81
47121,47,Pollos,565
47122,47,Portillo,2377
47123,47,Pozal de Gallinas,556
47124,47,Pozaldez,503
47125,47,Pozuelo de la Orden,56
47126,47,Puras,44
47127,47,Quintanilla de Arriba,161
47128,47,Quintanilla del Molar,43
47129,47,Quintanilla de Onésimo,1043
47130,47,Quintanilla de Trigueros,100
47131,47,Rábano,169
47132,47,Ramiro,44
47133,47,Renedo de Esgueva,3993
47134,47,Roales de Campos,155
47135,47,Robladillo,86
47137,47,Roturas,26
47138,47,Rubí de Bracamonte,207
47139,47,Rueda,1118
47140,47,Saelices de Mayorga,116
47141,47,Salvador de Zapardiel,99
47142,47,San Cebrián de Mazote,99
47143,47,San Llorente,93
47144,47,San Martín de Valvení,78
47145,47,San Miguel del Arroyo,641
47146,47,San Miguel del Pino,365
47147,47,San Pablo de la Moraleja,113
47148,47,San Pedro de Latarce,429
47149,47,San Pelayo,42
47150,47,San Román de Hornija,295
47151,47,San Salvador,20
47152,47,Santa Eufemia del Arroyo,78
47153,47,Santervás de Campos,100
47154,47,Santibáñez de Valcorba,195
47155,47,Santovenia de Pisuerga,4762
47156,47,San Vicente del Palacio,155
47157,47,Sardón de Duero,600
47158,47,"Seca, La",1015
47159,47,Serrada,1117
47160,47,Siete Iglesias de Trabancos,413
47161,47,Simancas,5533
47162,47,Tamariz de Campos,85
47163,47,Tiedra,273
47164,47,Tordehumos,362
47165,47,Tordesillas,8773
47166,47,Torrecilla de la Abadesa,237
47167,47,Torrecilla de la Orden,226
47168,47,Torrecilla de la Torre,27
47169,47,Torre de Esgueva,60
47170,47,Torre de Peñafiel,57
47171,47,Torrelobatón,387
47172,47,Torrescárcela,162
47173,47,Traspinedo,1308
47174,47,Trigueros del Valle,320
47175,47,Tudela de Duero,8861
47176,47,"Unión de Campos, La",210
47177,47,Urones de Castroponce,94
47178,47,Urueña,200
47179,47,Valbuena de Duero,385
47180,47,Valdearcos de la Vega,56
47181,47,Valdenebro de los Valles,187
47182,47,Valdestillas,1634
47183,47,Valdunquillo,111
47184,47,Valoria la Buena,740
47185,47,Valverde de Campos,89
47186,47,Valladolid,302614
47187,47,Vega de Ruiponce,81
47188,47,Vega de Valdetronco,88
47189,47,Velascálvaro,156
47190,47,Velilla,109
47191,47,Velliza,121
47192,47,Ventosa de la Cuesta,110
47193,47,Viana de Cega,2282
47194,47,Viloria,338
47195,47,Villabáñez,516
47196,47,Villabaruz de Campos,31
47197,47,Villabrágima,1075
47198,47,Villacarralón,71
47199,47,Villacid de Campos,83
47200,47,Villaco,72
47203,47,Villafrades de Campos,59
47204,47,Villafranca de Duero,247
47205,47,Villafrechós,473
47206,47,Villafuerte,80
47207,47,Villagarcía de Campos,297
47208,47,Villagómez la Nueva,46
47209,47,Villalán de Campos,36
47210,47,Villalar de los Comuneros,469
47211,47,Villalba de la Loma,56
47212,47,Villalba de los Alcores,383
47213,47,Villalbarba,96
47214,47,Villalón de Campos,1473
47215,47,Villamuriel de Campos,55
47216,47,Villán de Tordesillas,122
47217,47,Villanubla,2903
47218,47,Villanueva de Duero,1263
47219,47,Villanueva de la Condesa,64
47220,47,Villanueva de los Caballeros,147
47221,47,Villanueva de los Infantes,116
47222,47,Villanueva de San Mancio,96
47223,47,Villardefrades,145
47224,47,Villarmentero de Esgueva,99
47225,47,Villasexmir,67
47226,47,Villavaquerín,155
47227,47,Villavellid,51
47228,47,Villaverde de Medina,497
47229,47,Villavicencio de los Caballeros,215
47230,47,Wamba,289
47231,47,Zaratán,6386
47232,47,"Zarza, La",109
48001,48,Abadiño,7768
48002,48,Abanto y Ciérvana-Abanto Zierbena,9379
48003,48,Amorebieta-Etxano,19660
48004,48,Amoroto,390
48005,48,Arakaldo,156
48006,48,Arantzazu,411
48007,48,Munitibar-Arbatzegi Gerrikaitz,467
48008,48,Artzentales,754
48009,48,Arrankudiaga-Zollo,1018
48010,48,Arrieta,582
48011,48,Arrigorriaga,11939
48012,48,Bakio,2857
48013,48,Barakaldo,102986
48014,48,Barrika,1513
48015,48,Basauri,40274
48016,48,Berango,8242
48017,48,Bermeo,17038
48018,48,Berriatua,1224
48019,48,Berriz,4533
48020,48,Bilbao,351124
48021,48,Busturia,1693
48022,48,Karrantza Harana/Valle de Carranza,2715
48023,48,Artea,743
48024,48,Zeanuri,1234
48025,48,Zeberio,1087
48026,48,Dima,1531
48027,48,Durango,30192
48028,48,Ea,824
48029,48,Etxebarri,12038
48030,48,Etxebarria,791
48031,48,Elantxobe,320
48032,48,Elorrio,7277
48033,48,Ereño,275
48034,48,Ermua,15516
48035,48,Fruiz,591
48036,48,Galdakao,24776
48037,48,Galdames,829
48038,48,Gamiz-Fika,1414
48039,48,Garai,332
48040,48,Gatika,1633
48041,48,Gautegiz Arteaga,866
48042,48,Gordexola,1720
48043,48,Gorliz,6034
48044,48,Getxo,75752
48045,48,Güeñes,6817
48046,48,Gernika-Lumo,17129
48047,48,Gizaburuaga,196
48048,48,Ibarrangelu,669
48049,48,Ispaster,721
48050,48,Izurtza,224
48051,48,Lanestosa,244
48052,48,Larrabetzu,2039
48053,48,Laukiz,1239
48054,48,Leioa,32748
48055,48,Lemoa,3614
48056,48,Lemoiz,1347
48057,48,Lekeitio,7211
48058,48,Mallabia,1106
48059,48,Mañaria,539
48060,48,Markina-Xemein,5089
48061,48,Maruri-Jatabe,1129
48062,48,Mendata,382
48063,48,Mendexa,426
48064,48,Meñaka,789
48065,48,Ugao-Miraballes,4213
48066,48,Morga,416
48067,48,Muxika,1546
48068,48,Mundaka,1816
48069,48,Mungia,18129
48070,48,Aulesti,639
48071,48,Muskiz,7465
48072,48,Otxandio,1322
48073,48,Ondarroa,8060
48074,48,Urduña/Orduña,4247
48075,48,Orozko,2666
48076,48,Sukarrieta,362
48077,48,Plentzia,4407
48078,48,Portugalete,44843
48079,48,Errigoiti,499
48080,48,Valle de Trápaga-Trapagaran,11797
48081,48,Lezama,2430
48082,48,Santurtzi,46442
48083,48,Ortuella,8735
48084,48,Sestao,28512
48085,48,Sopela,15048
48086,48,Sopuerta,2820
48087,48,Trucios-Turtzioz,515
48088,48,Ubide,167
48089,48,Urduliz,6128
48090,48,Balmaseda,7718
48091,48,Atxondo,1342
48092,48,Bedia,1111
48093,48,Areatza,1292
48094,48,Igorre,4344
48095,48,Zaldibar,3066
48096,48,Zalla,8334
48097,48,Zaratamo,1609
48901,48,Derio,7294
48902,48,Erandio,24659
48903,48,Loiu,2364
48904,48,Sondika,4670
48905,48,Zamudio,3442
48906,48,Forua,928
48907,48,Kortezubi,447
48908,48,Murueta,311
48909,48,Nabarniz,264
48910,48,Iurreta,3897
48911,48,Ajangiz,458
48912,48,Alonsotegi,2991
48913,48,Zierbena,1512
48914,48,Arratzu,417
48915,48,Ziortza-Bolibar,401
48916,48,Usansolo,4565
49002,49,Abezames,58
49003,49,Alcañices,1062
49004,49,Alcubilla de Nogales,108
49005,49,Alfaraz de Sayago,120
49006,49,Algodre,131
49007,49,Almaraz de Duero,386
49008,49,Almeida de Sayago,411
49009,49,Andavías,404
49010,49,Arcenillas,450
49011,49,Arcos de la Polvorosa,211
49012,49,Argañín,79
49013,49,Argujillo,215
49014,49,Arquillinos,105
49015,49,Arrabalde,186
49016,49,Aspariegos,223
49017,49,Asturianos,252
49018,49,Ayoó de Vidriales,264
49019,49,Barcial del Barco,254
49020,49,Belver de los Montes,252
49021,49,Benavente,17309
49022,49,Benegiles,266
49023,49,Bermillo de Sayago,1028
49024,49,"Bóveda de Toro, La",682
49025,49,Bretó,163
49026,49,Bretocino,192
49027,49,Brime de Sog,114
49028,49,Brime de Urz,96
49029,49,Burganes de Valverde,593
49030,49,Bustillo del Oro,75
49031,49,Cabañas de Sayago,143
49032,49,Calzadilla de Tera,278
49033,49,Camarzana de Tera,740
49034,49,Cañizal,410
49035,49,Cañizo,197
49036,49,Carbajales de Alba,463
49037,49,Carbellino,174
49038,49,Casaseca de Campeán,88
49039,49,Casaseca de las Chanas,373
49040,49,Castrillo de la Guareña,133
49041,49,Castrogonzalo,432
49042,49,Castronuevo,216
49043,49,Castroverde de Campos,240
49044,49,Cazurra,72
49046,49,Cerecinos de Campos,231
49047,49,Cerecinos del Carrizal,111
49048,49,Cernadilla,105
49050,49,Cobreros,543
49052,49,Coomonte,180
49053,49,Coreses,1054
49054,49,Corrales del Vino,930
49055,49,Cotanes del Monte,79
49056,49,Cubillos,294
49057,49,Cubo de Benavente,115
49058,49,"Cubo de Tierra del Vino, El",294
49059,49,Cuelgamures,77
49061,49,Entrala,133
49062,49,Espadañedo,109
49063,49,Faramontanos de Tábara,318
49064,49,Fariza,487
49065,49,Fermoselle,1131
49066,49,Ferreras de Abajo,461
49067,49,Ferreras de Arriba,350
49068,49,Ferreruela,409
49069,49,Figueruela de Arriba,310
49071,49,Fonfría,794
49075,49,Fresno de la Polvorosa,117
49076,49,Fresno de la Ribera,326
49077,49,Fresno de Sayago,137
49078,49,Friera de Valverde,121
49079,49,Fuente Encalada,92
49080,49,Fuentelapeña,589
49081,49,Fuentesaúco,1593
49082,49,Fuentes de Ropel,369
49083,49,Fuentesecas,43
49084,49,Fuentespreadas,267
49085,49,Galende,1019
49086,49,Gallegos del Pan,118
49087,49,Gallegos del Río,455
49088,49,Gamones,89
49090,49,Gema,201
49091,49,Granja de Moreruela,228
49092,49,Granucillo,105
49093,49,Guarrate,313
49094,49,Hermisende,207
49095,49,"Hiniesta, La",293
49096,49,Jambrina,149
49097,49,Justel,75
49098,49,Losacino,189
49099,49,Losacio,90
49100,49,Lubián,296
49101,49,Luelmo,148
49102,49,"Maderal, El",172
49103,49,Madridanos,461
49104,49,Mahide,299
49105,49,Maire de Castroponce,138
49107,49,Malva,92
49108,49,Manganeses de la Lampreana,438
49109,49,Manganeses de la Polvorosa,637
49110,49,Manzanal de Arriba,332
49111,49,Manzanal del Barco,118
49112,49,Manzanal de los Infantes,133
49113,49,Matilla de Arzón,150
49114,49,Matilla la Seca,33
49115,49,Mayalde,140
49116,49,Melgar de Tera,331
49117,49,Micereces de Tera,404
49118,49,Milles de la Polvorosa,206
49119,49,Molacillos,223
49120,49,Molezuelas de la Carballeda,47
49121,49,Mombuey,395
49122,49,Monfarracinos,998
49123,49,Montamarta,549
49124,49,Moral de Sayago,265
49125,49,Moraleja del Vino,1796
49126,49,Moraleja de Sayago,300
49127,49,Morales del Vino,3040
49128,49,Morales de Rey,529
49129,49,Morales de Toro,918
49130,49,Morales de Valverde,156
49131,49,Moralina,211
49132,49,Moreruela de los Infanzones,318
49133,49,Moreruela de Tábara,290
49134,49,Muelas de los Caballeros,184
49135,49,Muelas del Pan,592
49136,49,Muga de Sayago,313
49137,49,Navianos de Valverde,157
49138,49,Olmillos de Castro,182
49139,49,Otero de Bodas,164
49141,49,Pajares de la Lampreana,282
49142,49,Palacios del Pan,249
49143,49,Palacios de Sanabria,233
49145,49,Pedralba de la Pradería,198
49146,49,"Pego, El",268
49147,49,Peleagonzalo,286
49148,49,Peleas de Abajo,248
49149,49,Peñausende,386
49150,49,Peque,111
49151,49,"Perdigón, El",673
49152,49,Pereruela,499
49153,49,Perilla de Castro,150
49154,49,Pías,91
49155,49,Piedrahita de Castro,104
49156,49,Pinilla de Toro,186
49157,49,Pino del Oro,173
49158,49,"Piñero, El",210
49159,49,Pobladura del Valle,269
49160,49,Pobladura de Valderaduey,34
49162,49,Porto,147
49163,49,Pozoantiguo,188
49164,49,Pozuelo de Tábara,150
49165,49,Prado,53
49166,49,Puebla de Sanabria,1378
49167,49,Pueblica de Valverde,172
49168,49,Quintanilla del Monte,93
49169,49,Quintanilla del Olmo,38
49170,49,Quintanilla de Urz,98
49171,49,Quiruelas de Vidriales,615
49172,49,Rabanales,497
49173,49,Rábano de Aliste,313
49174,49,Requejo,107
49175,49,Revellinos,223
49176,49,Riofrío de Aliste,589
49177,49,Rionegro del Puente,224
49178,49,Roales,1019
49179,49,Robleda-Cervantes,375
49180,49,Roelos de Sayago,133
49181,49,Rosinos de la Requejada,292
49183,49,Salce,83
49184,49,Samir de los Caños,158
49185,49,San Agustín del Pozo,163
49186,49,San Cebrián de Castro,250
49187,49,San Cristóbal de Entreviñas,1328
49188,49,San Esteban del Molar,117
49189,49,San Justo,207
49190,49,San Martín de Valderaduey,47
49191,49,San Miguel de la Ribera,244
49192,49,San Miguel del Valle,123
49193,49,San Pedro de Ceque,417
49194,49,San Pedro de la Nave-Almendra,313
49197,49,Santa Clara de Avedillo,153
49199,49,Santa Colomba de las Monjas,236
49200,49,Santa Cristina de la Polvorosa,1034
49201,49,Santa Croya de Tera,253
49202,49,Santa Eufemia del Barco,169
49203,49,Santa María de la Vega,259
49204,49,Santa María de Valverde,50
49205,49,Santibáñez de Tera,351
49206,49,Santibáñez de Vidriales,846
49207,49,Santovenia,219
49208,49,San Vicente de la Cabeza,309
49209,49,San Vitero,419
49210,49,Sanzoles,454
49214,49,Tábara,743
49216,49,Tapioles,128
49219,49,Toro,8336
49220,49,"Torre del Valle, La",122
49221,49,Torregamones,225
49222,49,Torres del Carrizal,413
49223,49,Trabazos,848
49224,49,Trefacio,163
49225,49,Uña de Quintana,119
49226,49,Vadillo de la Guareña,240
49227,49,Valcabado,414
49228,49,Valdefinjas,60
49229,49,Valdescorriel,131
49230,49,Vallesa de la Guareña,67
49231,49,Vega de Tera,265
49232,49,Vega de Villalobos,88
49233,49,Vegalatrave,79
49234,49,Venialbo,439
49235,49,Vezdemarbán,423
49236,49,Vidayanes,74
49237,49,Videmala,131
49238,49,Villabrázaro,255
49239,49,Villabuena del Puente,574
49240,49,Villadepera,165
49241,49,Villaescusa,237
49242,49,Villafáfila,429
49243,49,Villaferrueña,105
49244,49,Villageriz,63
49245,49,Villalazán,241
49246,49,Villalba de la Lampreana,212
49247,49,Villalcampo,380
49248,49,Villalobos,200
49249,49,Villalonso,80
49250,49,Villalpando,1433
49251,49,Villalube,143
49252,49,Villamayor de Campos,330
49255,49,Villamor de los Escuderos,362
49256,49,Villanázar,256
49257,49,Villanueva de Azoague,398
49258,49,Villanueva de Campeán,115
49259,49,Villanueva de las Peras,85
49260,49,Villanueva del Campo,736
49261,49,Villaralbo,1782
49262,49,Villardeciervos,383
49263,49,Villar de Fallaves,50
49264,49,Villar del Buey,483
49265,49,Villardiegua de la Ribera,106
49266,49,Villárdiga,60
49267,49,Villardondiego,110
49268,49,Villarrín de Campos,387
49269,49,Villaseco del Pan,201
49270,49,Villavendimio,150
49271,49,Villaveza del Agua,162
49272,49,Villaveza de Valverde,72
49273,49,Viñas,148
49275,49,Zamora,59815
50001,50,Abanto,78
50002,50,Acered,131
50003,50,Agón,135
50004,50,Aguarón,602
50005,50,Aguilón,265
50006,50,Ainzón,1036
50007,50,Aladrén,62
50008,50,Alagón,7532
50009,50,Alarba,91
50010,50,Alberite de San Juan,79
50011,50,Albeta,138
50012,50,Alborge,104
50013,50,Alcalá de Ebro,244
50014,50,Alcalá de Moncayo,147
50015,50,Alconchel de Ariza,79
50016,50,Aldehuela de Liestos,48
50017,50,Alfajarín,2423
50018,50,Alfamén,1470
50019,50,Alforque,57
50020,50,Alhama de Aragón,917
50021,50,Almochuel,22
50022,50,"Almolda, La",521
50023,50,Almonacid de la Cuba,220
50024,50,Almonacid de la Sierra,756
50025,50,"Almunia de Doña Godina, La",8080
50026,50,Alpartir,599
50027,50,Ambel,253
50028,50,Anento,117
50029,50,Aniñón,678
50030,50,Añón de Moncayo,207
50031,50,Aranda de Moncayo,112
50032,50,Arándiga,279
50033,50,Ardisa,73
50034,50,Ariza,1096
50035,50,Artieda,90
50036,50,Asín,88
50037,50,Atea,142
50038,50,Ateca,1785
50039,50,Azuara,548
50040,50,Badules,83
50041,50,Bagüés,16
50042,50,Balconchán,19
50043,50,Bárboles,277
50044,50,Bardallur,242
50045,50,Belchite,1495
50046,50,Belmonte de Gracián,183
50047,50,Berdejo,40
50048,50,Berrueco,32
50050,50,Bijuesca,93
50051,50,Biota,832
50052,50,Bisimbre,98
50053,50,Boquiñeni,743
50054,50,Bordalba,47
50055,50,Borja,5202
50056,50,Botorrita,587
50057,50,Brea de Aragón,1517
50058,50,Bubierca,66
50059,50,Bujaraloz,938
50060,50,Bulbuente,250
50061,50,Bureta,210
50062,50,"Burgo de Ebro, El",2750
50063,50,"Buste, El",60
50064,50,Cabañas de Ebro,473
50065,50,Cabolafuente,50
50066,50,Cadrete,4688
50067,50,Calatayud,20158
50068,50,Calatorao,2970
50069,50,Calcena,65
50070,50,Calmarza,57
50071,50,Campillo de Aragón,111
50072,50,Carenas,169
50073,50,Cariñena,3530
50074,50,Caspe,10365
50075,50,Castejón de Alarba,75
50076,50,Castejón de las Armas,87
50077,50,Castejón de Valdejasa,188
50078,50,Castiliscar,219
50079,50,Cervera de la Cañada,263
50080,50,Cerveruela,38
50081,50,Cetina,534
50082,50,Cimballa,70
50083,50,Cinco Olivas,97
50084,50,Clarés de Ribota,73
50085,50,Codo,204
50086,50,Codos,237
50087,50,Contamina,34
50088,50,Cosuenda,344
50089,50,Cuarte de Huerva,15408
50090,50,Cubel,145
50091,50,"Cuerlas, Las",44
50092,50,Chiprana,496
50093,50,Chodes,98
50094,50,Daroca,1899
50095,50,Ejea de los Caballeros,17129
50096,50,Embid de Ariza,28
50098,50,Encinacorba,176
50099,50,Épila,4704
50100,50,Erla,374
50101,50,Escatrón,1189
50102,50,Fabara,1063
50104,50,Farlete,372
50105,50,Fayón,448
50106,50,"Fayos, Los",135
50107,50,Figueruelas,1303
50108,50,Fombuena,59
50109,50,"Frago, El",129
50110,50,"Frasno, El",370
50111,50,Fréscano,196
50113,50,Fuendejalón,774
50114,50,Fuendetodos,130
50115,50,Fuentes de Ebro,4659
50116,50,Fuentes de Jiloca,209
50117,50,Gallocanta,128
50118,50,Gallur,2642
50119,50,Gelsa,996
50120,50,Godojos,55
50121,50,Gotor,309
50122,50,Grisel,101
50123,50,Grisén,630
50124,50,Herrera de los Navarros,495
50125,50,Ibdes,351
50126,50,Illueca,2782
50128,50,Isuerre,32
50129,50,Jaraba,294
50130,50,Jarque de Moncayo,373
50131,50,Jaulín,305
50132,50,"Joyosa, La",1156
50133,50,Lagata,113
50134,50,Langa del Castillo,110
50135,50,Layana,95
50136,50,Lécera,578
50137,50,Leciñena,1087
50138,50,Lechón,39
50139,50,Letux,349
50140,50,Litago,173
50141,50,Lituénigo,123
50142,50,Lobera de Onsella,28
50143,50,Longares,802
50144,50,Longás,45
50146,50,Lucena de Jalón,223
50147,50,Luceni,1003
50148,50,Luesia,332
50149,50,Luesma,42
50150,50,Lumpiaque,889
50151,50,Luna,674
50152,50,Maella,2158
50153,50,Magallón,1108
50154,50,Mainar,162
50155,50,Malanquilla,71
50156,50,Maleján,282
50157,50,Malón,474
50159,50,Maluenda,895
50160,50,Mallén,2951
50161,50,Manchones,91
50162,50,Mara,161
50163,50,María de Huerva,6558
50164,50,Mediana de Aragón,469
50165,50,Mequinenza,2236
50166,50,Mesones de Isuela,270
50167,50,Mezalocha,197
50168,50,Mianos,25
50169,50,Miedes de Aragón,408
50170,50,Monegrillo,378
50171,50,Moneva,107
50172,50,Monreal de Ariza,175
50173,50,Monterde,143
50174,50,Montón,89
50175,50,Morata de Jalón,1100
50176,50,Morata de Jiloca,285
50177,50,Morés,303
50178,50,Moros,274
50179,50,Moyuela,221
50180,50,Mozota,130
50181,50,Muel,1540
50182,50,"Muela, La",6737
50183,50,Munébrega,351
50184,50,Murero,85
50185,50,Murillo de Gállego,194
50186,50,Navardún,35
50187,50,Nigüella,58
50188,50,Nombrevilla,40
50189,50,Nonaspe,997
50190,50,Novallas,859
50191,50,Novillas,508
50192,50,Nuévalos,318
50193,50,Nuez de Ebro,886
50194,50,Olvés,107
50195,50,Orcajo,65
50196,50,Orera,103
50197,50,Orés,72
50198,50,Oseja,43
50199,50,Osera de Ebro,442
50200,50,Paniza,574
50201,50,Paracuellos de Jiloca,610
50202,50,Paracuellos de la Ribera,111
50203,50,Pastriz,1316
50204,50,Pedrola,3842
50205,50,"Pedrosas, Las",118
50206,50,Perdiguera,559
50207,50,Piedratajada,96
50208,50,Pina de Ebro,2478
50209,50,Pinseque,4601
50210,50,"Pintanos, Los",37
50211,50,Plasencia de Jalón,378
50212,50,Pleitas,29
50213,50,Plenas,110
50214,50,Pomer,23
50215,50,Pozuel de Ariza,15
50216,50,Pozuelo de Aragón,247
50217,50,Pradilla de Ebro,553
50218,50,Puebla de Albortón,133
50219,50,"Puebla de Alfindén, La",6550
50220,50,Puendeluna,42
50221,50,Purujosa,29
50222,50,Quinto,1882
50223,50,Remolinos,1018
50224,50,Retascón,77
50225,50,Ricla,3019
50227,50,Romanos,140
50228,50,Rueda de Jalón,325
50229,50,Ruesca,69
50230,50,Sádaba,1278
50231,50,Salillas de Jalón,372
50232,50,Salvatierra de Esca,187
50233,50,Samper del Salz,79
50234,50,San Martín de la Virgen de Moncayo,266
50235,50,San Mateo de Gállego,3489
50236,50,Santa Cruz de Grío,95
50237,50,Santa Cruz de Moncayo,123
50238,50,Santa Eulalia de Gállego,101
50239,50,Santed,72
50240,50,Sástago,1067
50241,50,Sabiñán,697
50242,50,Sediles,109
50243,50,Sestrica,329
50244,50,Sierra de Luna,269
50245,50,Sigüés,72
50246,50,Sisamón,50
50247,50,Sobradiel,1110
50248,50,Sos del Rey Católico,582
50249,50,Tabuenca,305
50250,50,Talamantes,68
50251,50,Tarazona,10873
50252,50,Tauste,6838
50253,50,Terrer,580
50254,50,Tierga,170
50255,50,Tobed,196
50256,50,Torralba de los Frailes,65
50257,50,Torralba de Ribota,157
50258,50,Torralbilla,38
50259,50,Torrehermosa,69
50260,50,Torrelapaja,30
50261,50,Torrellas,249
50262,50,Torres de Berrellén,1515
50263,50,Torrijo de la Cañada,187
50264,50,Tosos,176
50265,50,Trasmoz,88
50266,50,Trasobares,124
50267,50,Uncastillo,594
50268,50,Undués de Lerda,60
50269,50,Urrea de Jalón,434
50270,50,Urriés,50
50271,50,Used,250
50272,50,Utebo,19116
50273,50,Valdehorna,29
50274,50,Val de San Martín,55
50275,50,Valmadrid,112
50276,50,Valpalmas,122
50277,50,Valtorres,65
50278,50,Velilla de Ebro,208
50279,50,Velilla de Jiloca,90
50280,50,Vera de Moncayo,317
50281,50,Vierlas,88
50282,50,"Vilueña, La",59
50283,50,Villadoz,80
50284,50,Villafeliche,163
50285,50,Villafranca de Ebro,828
50286,50,Villalba de Perejil,86
50287,50,Villalengua,295
50288,50,Villanueva de Gállego,4852
50289,50,Villanueva de Jiloca,73
50290,50,Villanueva de Huerva,360
50291,50,Villar de los Navarros,147
50292,50,Villarreal de Huerva,270
50293,50,Villarroya de la Sierra,397
50294,50,Villarroya del Campo,70
50295,50,Vistabella,51
50296,50,"Zaida, La",433
50297,50,Zaragoza,693091
50298,50,Zuera,8766
50901,50,Biel,166
50902,50,Marracos,82
50903,50,Villamayor de Gállego,2841
51001,51,Ceuta,83595
52001,52,Melilla,86780
